CanonicalPlayer,League,FirstTopTierYear,LastTopTierYear,TopTierYears
0909,Tencent LoL Pro League,2022,2024,2022;2024
1ntruder,Tencent LoL Pro League,2016,2018,2016;2017;2018
1xn,Tencent LoL Pro League,2023,2024,2023;2024
369,Tencent LoL Pro League,2019,2024,2019;2020;2021;2022;2023;2024
5kid,LoL Champions Korea,2021,2021,2021
694,Tencent LoL Pro League,2018,2018,2018
705,Tencent LoL Pro League,2020,2020,2020
957,Tencent LoL Pro League,2016,2019,2016;2017;2018;2019
ADD,LoL Champions Korea,2016,2018,2016;2017;2018
ADD,Tencent LoL Pro League,2019,2020,2019;2020
Able,Tencent LoL Pro League,2018,2024,2018;2021;2022;2023;2024
Acorn,Tencent LoL Pro League,2015,2016,2015;2016
Ahn,Tencent LoL Pro League,2022,2024,2022;2023;2024
Aiming,LoL Champions Korea,2018,2024,2018;2019;2020;2022;2023;2024
Aiming,Tencent LoL Pro League,2021,2021,2021
Aix,Tencent LoL Pro League,2019,2021,2019;2020;2021
Aki (Mao An),Tencent LoL Pro League,2019,2024,2019;2021;2022;2023;2024
Akira (Wang Zu-Jing),Tencent LoL Pro League,2015,2015,2015
Ale,Tencent LoL Pro League,2019,2024,2019;2020;2021;2022;2023;2024
Alex (Chen Yu-Ming),Tencent LoL Pro League,2018,2018,2018
Ali (Liu Xu-Dong),Tencent LoL Pro League,2017,2017,2017
Alielie,Tencent LoL Pro League,2021,2021,2021
Aliez (Huang Hao),Tencent LoL Pro League,2019,2022,2019;2020;2021;2022
Alone (Wang Zi-Jun),Tencent LoL Pro League,2017,2017,2017
Alphamong,LoL Champions Korea,2018,2018,2018
Aluka,Tencent LoL Pro League,2015,2015,2015
AmazingJ,Tencent LoL Pro League,2015,2019,2015;2016;2017;2018;2019
Ambition,LoL Champions Korea,2016,2018,2016;2017;2018
Andil,LoL Champions Korea,2023,2024,2023;2024
Andy (Zhang Jie),Tencent LoL Pro League,2019,2019,2019
Angel (Xiang Tao),Tencent LoL Pro League,2018,2024,2018;2019;2020;2021;2022;2023;2024
Aodi,Tencent LoL Pro League,2017,2021,2017;2018;2020;2021
Aqiu,Tencent LoL Pro League,2017,2017,2017
Aria (Lee Ga-eul),LoL Champions Korea,2022,2022,2022
Arise,Tencent LoL Pro League,2019,2019,2019
Arrow,LoL Champions Korea,2016,2016,2016
As6,Tencent LoL Pro League,2020,2020,2020
Asper,LoL Champions Korea,2018,2018,2018
Assum,Tencent LoL Pro League,2022,2024,2022;2023;2024
Asura (Lu Qi),Tencent LoL Pro League,2019,2020,2019;2020
Athena,Tencent LoL Pro League,2016,2018,2016;2017;2018
Avenger0,Tencent LoL Pro League,2015,2015,2015
Avoidless,Tencent LoL Pro League,2016,2017,2016;2017
Awei (Zhao A-Wei),Tencent LoL Pro League,2017,2017,2017
BAO (Jeong Hyeon-woo),LoL Champions Korea,2021,2021,2021
Babi9,Tencent LoL Pro League,2017,2019,2017;2019
Bademan,Tencent LoL Pro League,2019,2019,2019
BaeMe,Tencent LoL Pro League,2015,2016,2015;2016
Bang,LoL Champions Korea,2016,2021,2016;2017;2018;2021
Banks,Tencent LoL Pro League,2017,2017,2017
Baolan,Tencent LoL Pro League,2016,2023,2016;2017;2018;2019;2020;2021;2023
Baut,LoL Champions Korea,2022,2022,2022
Bay,LoL Champions Korea,2021,2021,2021
Baybay,Tencent LoL Pro League,2017,2017,2017
Bdd,LoL Champions Korea,2016,2024,2016;2017;2018;2019;2020;2021;2022;2023;2024
Beast (Kim Joo-hyun),Tencent LoL Pro League,2015,2015,2015
Beichuan,Tencent LoL Pro League,2021,2024,2021;2022;2023;2024
Beishang,Tencent LoL Pro League,2019,2023,2019;2020;2021;2022;2023
Ben,LoL Champions Korea,2020,2020,2020
Ben,Tencent LoL Pro League,2016,2019,2016;2017;2018;2019
Ben4,Tencent LoL Pro League,2017,2019,2017;2019
Bengi,LoL Champions Korea,2016,2016,2016
Bengi,Tencent LoL Pro League,2017,2017,2017
BeryL,LoL Champions Korea,2019,2024,2019;2020;2021;2022;2023;2024
Betty,Tencent LoL Pro League,2020,2023,2020;2021;2022;2023
Beyond (Kim Kyu-seok),LoL Champions Korea,2016,2020,2016;2017;2018;2020
Bible,LoL Champions Korea,2022,2023,2022;2023
Bin (Chen Ze-Bin),Tencent LoL Pro League,2020,2024,2020;2021;2022;2023;2024
Bing (Feng Jin-Wei),Tencent LoL Pro League,2018,2018,2018
Biubiu,Tencent LoL Pro League,2019,2023,2019;2020;2021;2022;2023
Bkr,Tencent LoL Pro League,2023,2023,2023
Blanc (Jin Seong-min),LoL Champions Korea,2016,2016,2016
Blank (Kang Sun-gu),LoL Champions Korea,2016,2021,2016;2017;2018;2021
Blank (Kang Sun-gu),Tencent LoL Pro League,2015,2015,2015
Bless (Choi Hyeon-woong),LoL Champions Korea,2016,2017,2016;2017
Bless (Xiang Yi-Tong),Tencent LoL Pro League,2019,2021,2019;2020;2021
Blossom (Park Beom-chan),LoL Champions Korea,2018,2018,2018
Bo,Tencent LoL Pro League,2021,2021,2021
Bon0,LoL Champions Korea,2018,2020,2018;2019;2020
Bonnie,LoL Champions Korea,2021,2021,2021
Bonnie,Tencent LoL Pro League,2023,2023,2023
Breathe,Tencent LoL Pro League,2019,2024,2019;2020;2021;2022;2023;2024
Bright,Tencent LoL Pro League,2019,2021,2019;2021
BuLLDoG (Lee Tae-young),LoL Champions Korea,2023,2024,2023;2024
Bubbling,LoL Champions Korea,2016,2016,2016
Bull,LoL Champions Korea,2024,2024,2024
Bunny,Tencent LoL Pro League,2023,2023,2023
Burdol,LoL Champions Korea,2021,2023,2021;2022;2023
Burdol,Tencent LoL Pro League,2024,2024,2024
Bvoy,Tencent LoL Pro League,2019,2019,2019
CJJ,Tencent LoL Pro League,2020,2020,2020
CL0UD,Tencent LoL Pro League,2015,2017,2015;2017
COLD,Tencent LoL Pro League,2015,2022,2015;2016;2017;2018;2019;2020;2021;2022
CaD,LoL Champions Korea,2020,2020,2020
Calix (Syun Hyun-bin),LoL Champions Korea,2024,2024,2024
Callme,LoL Champions Korea,2023,2024,2023;2024
Can,Tencent LoL Pro League,2022,2022,2022
Candyseven,Tencent LoL Pro League,2015,2017,2015;2017
Canna,LoL Champions Korea,2020,2023,2020;2021;2022;2023
Canyon,LoL Champions Korea,2019,2024,2019;2020;2021;2022;2023;2024
Captain (Sun Yu-Ze),Tencent LoL Pro League,2015,2016,2015;2016
Care,Tencent LoL Pro League,2022,2024,2022;2023;2024
Casting,LoL Champions Korea,2024,2024,2024
Cat (Wu Yao),Tencent LoL Pro League,2017,2019,2017;2018;2019
Cepted,LoL Champions Korea,2017,2017,2017
Chance (Pei Piao),Tencent LoL Pro League,2020,2021,2020;2021
Changhong,Tencent LoL Pro League,2019,2019,2019
Chaser,LoL Champions Korea,2016,2016,2016
Chei,LoL Champions Korea,2016,2016,2016
Chel1y,Tencent LoL Pro League,2018,2019,2018;2019
Chelizi,Tencent LoL Pro League,2019,2022,2019;2020;2021;2022
Chen,Tencent LoL Pro League,2017,2017,2017
Chen9,Tencent LoL Pro League,2019,2019,2019
Chenlun17,Tencent LoL Pro League,2020,2020,2020
Chenxuan,Tencent LoL Pro League,2019,2019,2019
CheonGo,LoL Champions Korea,2019,2019,2019
Cheoni,LoL Champions Korea,2022,2022,2022
Chieftain,LoL Champions Korea,2021,2021,2021
Chieftain,Tencent LoL Pro League,2018,2022,2018;2020;2022
Chimin,Tencent LoL Pro League,2016,2016,2016
Chovy,LoL Champions Korea,2018,2024,2018;2019;2020;2021;2022;2023;2024
Clear (Song Hyeon-min),LoL Champions Korea,2022,2024,2022;2023;2024
Clearlove,Tencent LoL Pro League,2015,2021,2015;2016;2017;2018;2019;2021
Clever,LoL Champions Korea,2018,2018,2018
Clever9,Tencent LoL Pro League,2019,2019,2019
Clid,LoL Champions Korea,2019,2023,2019;2020;2021;2023
Clid,Tencent LoL Pro League,2017,2022,2017;2018;2022
Clozer,LoL Champions Korea,2020,2024,2020;2021;2022;2023;2024
Clx,Tencent LoL Pro League,2020,2020,2020
Coco,LoL Champions Korea,2016,2016,2016
Coco,Tencent LoL Pro League,2017,2018,2017;2018
Cola (Jiang Nan),Tencent LoL Pro League,2015,2015,2015
Conan,Tencent LoL Pro League,2015,2015,2015
Condi,Tencent LoL Pro League,2015,2019,2015;2016;2017;2018;2019
Cool,Tencent LoL Pro League,2015,2018,2015;2016;2017;2018
CoreJJ,LoL Champions Korea,2016,2018,2016;2017;2018
Corn (Lei Wen),Tencent LoL Pro League,2015,2019,2015;2017;2018;2019
Cover,LoL Champions Korea,2020,2020,2020
Cpt Jack,LoL Champions Korea,2016,2016,2016
Crash,LoL Champions Korea,2016,2017,2016;2017
Crash,Tencent LoL Pro League,2018,2018,2018
Crazy (Kim Jae-hee),LoL Champions Korea,2016,2018,2016;2017;2018
Crazy (Kim Jae-hee),Tencent LoL Pro League,2020,2020,2020
Creme,Tencent LoL Pro League,2021,2024,2021;2022;2023;2024
Crisis,Tencent LoL Pro League,2016,2016,2016
Crisp,Tencent LoL Pro League,2017,2024,2017;2018;2019;2020;2021;2022;2023;2024
Croco,LoL Champions Korea,2021,2023,2021;2022;2023
Croco,Tencent LoL Pro League,2024,2024,2024
Crow (Kim Seon-gyu),LoL Champions Korea,2017,2017,2017
Crown,LoL Champions Korea,2016,2018,2016;2017;2018
Crush,LoL Champions Korea,2016,2019,2016;2019
Cryin,Tencent LoL Pro League,2020,2024,2020;2021;2022;2023;2024
CuVee,LoL Champions Korea,2016,2020,2016;2017;2018;2019;2020
Cube (Dai Yi),Tencent LoL Pro League,2019,2024,2019;2020;2021;2022;2023;2024
Cuzz,LoL Champions Korea,2017,2024,2017;2018;2019;2020;2021;2022;2023;2024
DDoiV,LoL Champions Korea,2024,2024,2024
Dade,Tencent LoL Pro League,2015,2016,2015;2016
DanChung,Tencent LoL Pro League,2019,2019,2019
DanDy,Tencent LoL Pro League,2015,2016,2015;2016
Danger,Tencent LoL Pro League,2015,2015,2015
Daylight,Tencent LoL Pro League,2019,2020,2019;2020
Decade,Tencent LoL Pro League,2023,2024,2023;2024
Deceit,Tencent LoL Pro League,2017,2017,2017
Deemo,Tencent LoL Pro League,2016,2016,2016
Deft,LoL Champions Korea,2017,2024,2017;2018;2019;2020;2021;2022;2023;2024
Deft,Tencent LoL Pro League,2015,2016,2015;2016
Delight,LoL Champions Korea,2021,2024,2021;2022;2023;2024
Demon (Wu Yue-Wei),Tencent LoL Pro League,2022,2022,2022
Deokdam,LoL Champions Korea,2020,2023,2020;2021;2022;2023
Deokdam,Tencent LoL Pro League,2024,2024,2024
Destroy (Yoon Jeong-min),LoL Champions Korea,2021,2021,2021
DeuL,LoL Champions Korea,2017,2017,2017
Dian,Tencent LoL Pro League,2017,2017,2017
Dispel,LoL Champions Korea,2022,2022,2022
DnDn,LoL Champions Korea,2022,2024,2022;2023;2024
Doggo,Tencent LoL Pro League,2022,2024,2022;2023;2024
Doinb,Tencent LoL Pro League,2015,2022,2015;2016;2017;2018;2019;2020;2021;2022
Doran (Choi Hyeon-joon),LoL Champions Korea,2019,2024,2019;2020;2021;2022;2023;2024
Dove,LoL Champions Korea,2019,2022,2019;2020;2021;2022
Dove,Tencent LoL Pro League,2023,2023,2023
Dread (Lee Jin-hyeok),LoL Champions Korea,2019,2022,2019;2020;2021;2022
Dream (Tan Wen-Xiang),Tencent LoL Pro League,2022,2023,2022;2023
Drizzle,Tencent LoL Pro League,2015,2015,2015
DuDu (Lee Dong-ju),LoL Champions Korea,2020,2024,2020;2021;2022;2023;2024
Duan,Tencent LoL Pro League,2016,2020,2016;2017;2018;2019;2020
Duke (Lee Ho-seong),LoL Champions Korea,2016,2016,2016
Duke (Lee Ho-seong),Tencent LoL Pro League,2017,2019,2017;2018;2019
Duro,LoL Champions Korea,2024,2024,2024
Dusk (Zhang Wen-Bo),Tencent LoL Pro League,2018,2018,2018
Easyhoon,Tencent LoL Pro League,2016,2018,2016;2017;2018
Edge,LoL Champions Korea,2016,2018,2016;2017;2018
Effort,LoL Champions Korea,2018,2024,2018;2019;2020;2021;2022;2023;2024
Eimy,Tencent LoL Pro League,2015,2019,2015;2016;2017;2018;2019
Elk,Tencent LoL Pro League,2019,2024,2019;2020;2021;2022;2023;2024
Ella,LoL Champions Korea,2017,2017,2017
Ella,Tencent LoL Pro League,2015,2016,2015;2016
Ellim,LoL Champions Korea,2020,2022,2020;2021;2022
Emperor (Kim Jin-hyun),LoL Champions Korea,2016,2016,2016
Endless (Xu Hao),Tencent LoL Pro League,2015,2017,2015;2016;2017
Envyy,LoL Champions Korea,2022,2024,2022;2023;2024
Envyy,Tencent LoL Pro League,2023,2023,2023
Eric (He Qiang),Tencent LoL Pro League,2020,2022,2020;2021;2022
Execute,LoL Champions Korea,2024,2024,2024
Expession,LoL Champions Korea,2016,2017,2016;2017
FATE (Yoo Su-hyeok),LoL Champions Korea,2020,2024,2020;2021;2022;2023;2024
FIESTA (An Hyeon-seo),LoL Champions Korea,2022,2024,2022;2023;2024
Fage,Tencent LoL Pro League,2017,2018,2017;2018
Faker,LoL Champions Korea,2016,2024,2016;2017;2018;2019;2020;2021;2022;2023;2024
Fan (Liu Yi-Fan),Tencent LoL Pro League,2015,2015,2015
Fate (Peng Jun-Jie),Tencent LoL Pro League,2020,2022,2020;2021;2022
Fdy,Tencent LoL Pro League,2018,2018,2018
Fearness,Tencent LoL Pro League,2020,2023,2020;2021;2022;2023
Feather,Tencent LoL Pro League,2023,2024,2023;2024
Feikun,Tencent LoL Pro League,2021,2022,2021;2022
Feisty,LoL Champions Korea,2022,2023,2022;2023
Fenfen,Tencent LoL Pro League,2017,2020,2017;2018;2019;2020
FireRain,Tencent LoL Pro League,2018,2018,2018
Fireloli,Tencent LoL Pro League,2015,2018,2015;2016;2017;2018
Fishball,Tencent LoL Pro League,2016,2017,2016;2017
Fisher (Lee Jeong-tae),LoL Champions Korea,2024,2024,2024
Fisher (Lee Jeong-tae),Tencent LoL Pro League,2023,2024,2023;2024
Flame,LoL Champions Korea,2016,2019,2016;2019
Flame,Tencent LoL Pro League,2015,2015,2015
Flandre,Tencent LoL Pro League,2015,2024,2015;2016;2017;2018;2019;2020;2021;2022;2024
Flawless,LoL Champions Korea,2016,2021,2016;2020;2021
Flawless,Tencent LoL Pro League,2017,2019,2017;2018;2019
Flora,Tencent LoL Pro League,2021,2021,2021
Fly (Song Yong-jun),LoL Champions Korea,2016,2021,2016;2017;2018;2019;2020;2021
FoFo,Tencent LoL Pro League,2020,2024,2020;2021;2022;2023;2024
Forge,Tencent LoL Pro League,2019,2023,2019;2020;2021;2022;2023
Frog (Lee Min-hoi),LoL Champions Korea,2024,2024,2024
Frozen (Kim Tae-il),LoL Champions Korea,2016,2016,2016
Funny,Tencent LoL Pro League,2015,2017,2015;2016;2017
Fury (Lee Jin-yong),LoL Champions Korea,2016,2016,2016
Fury (Lee Jin-yong),Tencent LoL Pro League,2017,2018,2017;2018
GALA,Tencent LoL Pro League,2019,2024,2019;2020;2021;2022;2023;2024
GENTLE,Tencent LoL Pro League,2018,2018,2018
GIDEON,LoL Champions Korea,2021,2024,2021;2022;2024
GIDEON,Tencent LoL Pro League,2023,2023,2023
GLFS,Tencent LoL Pro League,2024,2024,2024
GYX,Tencent LoL Pro League,2018,2018,2018
Gamin,LoL Champions Korea,2022,2022,2022
Gango,LoL Champions Korea,2019,2019,2019
Gango,Tencent LoL Pro League,2015,2015,2015
Garvey,Tencent LoL Pro League,2019,2022,2019;2020;2021;2022
Geju,Tencent LoL Pro League,2024,2024,2024
Ggoong,Tencent LoL Pro League,2017,2018,2017;2018
Ghost (Jang Yong-jun),LoL Champions Korea,2016,2022,2016;2017;2018;2019;2020;2021;2022
GimGoon,Tencent LoL Pro League,2016,2020,2016;2017;2018;2019;2020
Gloria,Tencent LoL Pro League,2019,2019,2019
GodLike,Tencent LoL Pro League,2015,2015,2015
GodV (Wei Zhen),Tencent LoL Pro League,2015,2017,2015;2016;2017
Gogoing,Tencent LoL Pro League,2015,2015,2015
Gori,LoL Champions Korea,2019,2021,2019;2021
Gori,Tencent LoL Pro League,2022,2022,2022
GorillA,LoL Champions Korea,2016,2020,2016;2017;2018;2020
Grail,Tencent LoL Pro League,2016,2017,2016;2017
Grim,Tencent LoL Pro League,2019,2019,2019
Grizzly,LoL Champions Korea,2023,2023,2023
GuGer,LoL Champions Korea,2016,2024,2016;2017;2020;2024
Gumayusi,LoL Champions Korea,2021,2024,2021;2022;2023;2024
Guoguo,Tencent LoL Pro League,2017,2019,2017;2018;2019
Guwon,LoL Champions Korea,2022,2024,2022;2024
H4cker,Tencent LoL Pro League,2017,2024,2017;2018;2019;2020;2021;2022;2023;2024
HOYA,LoL Champions Korea,2020,2022,2020;2021;2022
HOYA,Tencent LoL Pro League,2022,2024,2022;2023;2024
HYY,Tencent LoL Pro League,2015,2015,2015
Hachani,LoL Champions Korea,2016,2017,2016;2017
Haichao,Tencent LoL Pro League,2022,2024,2022;2023;2024
HamBak,LoL Champions Korea,2022,2023,2022;2023
HanXuan,Tencent LoL Pro League,2017,2017,2017
Hang,Tencent LoL Pro League,2020,2024,2020;2021;2022;2023;2024
Haoye,Tencent LoL Pro League,2023,2023,2023
Happy,Tencent LoL Pro League,2015,2017,2015;2016;2017
Harder,Tencent LoL Pro League,2022,2023,2022;2023
Haro,Tencent LoL Pro League,2018,2021,2018;2019;2020;2021
Harp,LoL Champions Korea,2021,2021,2021
Haru,LoL Champions Korea,2016,2020,2016;2017;2018;2019;2020
Heart,Tencent LoL Pro League,2015,2015,2015
Helper (Kwon Yeong-jae),LoL Champions Korea,2016,2017,2016;2017
Helper (Wang Huan-Wei),Tencent LoL Pro League,2015,2020,2015;2020
Hena,LoL Champions Korea,2021,2024,2021;2022;2023;2024
Heng,Tencent LoL Pro League,2023,2024,2023;2024
Hery,Tencent LoL Pro League,2022,2024,2022;2023;2024
Hetong,Tencent LoL Pro League,2015,2017,2015;2017
Hipo,LoL Champions Korea,2016,2016,2016
Hoit,LoL Champions Korea,2019,2022,2019;2020;2022
Holder,Tencent LoL Pro League,2018,2020,2018;2019;2020
Hoon (Lee Jang-hoon),LoL Champions Korea,2018,2019,2018;2019
Hope (Wang Jie),Tencent LoL Pro League,2018,2024,2018;2019;2020;2022;2023;2024
Howling,LoL Champions Korea,2022,2022,2022
Huanfeng,Tencent LoL Pro League,2020,2024,2020;2021;2022;2023;2024
Huanggai,Tencent LoL Pro League,2019,2019,2019
Hudie,Tencent LoL Pro League,2017,2019,2017;2018;2019
Hui (Lei Hui-Guo),Tencent LoL Pro League,2015,2015,2015
Hulatang,Tencent LoL Pro League,2021,2021,2021
Humble (Huang Min-Min),Tencent LoL Pro League,2017,2017,2017
Huni,LoL Champions Korea,2017,2017,2017
HwQ,Tencent LoL Pro League,2019,2019,2019
HyBriD (Lee Woo-jin),LoL Champions Korea,2020,2021,2020;2021
Hype (Byeon Jeong-hyeon),LoL Champions Korea,2023,2023,2023
IBoy,Tencent LoL Pro League,2017,2023,2017;2018;2019;2020;2021;2022;2023
ICON,Tencent LoL Pro League,2016,2022,2016;2017;2018;2019;2020;2021;2022
Ian,LoL Champions Korea,2016,2018,2016;2017;2018
Ian,Tencent LoL Pro League,2019,2019,2019
Ice (Yoon Sang-hoon),LoL Champions Korea,2022,2022,2022
IcecoKe,Tencent LoL Pro League,2021,2021,2021
Ignar,LoL Champions Korea,2016,2018,2016;2018
Iiann,Tencent LoL Pro League,2019,2019,2019
Ikssu,LoL Champions Korea,2016,2020,2016;2017;2020
Imp,Tencent LoL Pro League,2015,2019,2015;2016;2017;2018;2019
InSec,Tencent LoL Pro League,2015,2016,2015;2016
Insulator,Tencent LoL Pro League,2021,2021,2021
Invincible,Tencent LoL Pro League,2021,2023,2021;2022;2023
Irma,Tencent LoL Pro League,2020,2021,2020;2021
Ivory,LoL Champions Korea,2023,2023,2023
Iwandy,Tencent LoL Pro League,2020,2024,2020;2021;2022;2023;2024
JackeyLove,Tencent LoL Pro League,2018,2024,2018;2019;2020;2021;2022;2023;2024
Jay (Chen Bo),Tencent LoL Pro League,2019,2022,2019;2022
Jelly (Son Ho-gyeong),LoL Champions Korea,2019,2020,2019;2020
Jerry (Zhou Ke-Xue),Tencent LoL Pro League,2022,2023,2022;2023
Jett,LoL Champions Korea,2021,2021,2021
Jett,Tencent LoL Pro League,2019,2020,2019;2020
Jiaoyang,Tencent LoL Pro League,2015,2015,2015
JieZou,Tencent LoL Pro League,2016,2016,2016
Jiejie,Tencent LoL Pro League,2019,2024,2019;2020;2021;2022;2023;2024
Jiekou,Tencent LoL Pro League,2017,2018,2017;2018
JingYi,Tencent LoL Pro League,2021,2021,2021
Jinjiao,Tencent LoL Pro League,2015,2024,2015;2016;2017;2018;2019;2020;2022;2023;2024
Jinoo,Tencent LoL Pro League,2016,2020,2016;2017;2018;2019;2020
Jiwoo,LoL Champions Korea,2023,2024,2023;2024
Joker (Cho Jae-eup),LoL Champions Korea,2019,2020,2019;2020
Jotaro,Tencent LoL Pro League,2017,2017,2017
Juejue,Tencent LoL Pro League,2015,2017,2015;2016;2017
Juhan,LoL Champions Korea,2022,2023,2022;2023
Juice,Tencent LoL Pro League,2024,2024,2024
Jun (Yoon Se-jun),LoL Champions Korea,2021,2023,2021;2022;2023
JunJia,Tencent LoL Pro League,2020,2022,2020;2021;2022
Justice,LoL Champions Korea,2018,2018,2018
Jwei,Tencent LoL Pro League,2021,2024,2021;2024
KRYST4L,Tencent LoL Pro League,2015,2019,2015;2016;2017;2018;2019
KaKAO,LoL Champions Korea,2018,2018,2018
KaKAO,Tencent LoL Pro League,2015,2015,2015
Kabe,Tencent LoL Pro League,2017,2017,2017
Kael (Kim Jin-hong),LoL Champions Korea,2022,2023,2022;2023
Kael (Kim Jin-hong),Tencent LoL Pro League,2024,2024,2024
Kaixuan,Tencent LoL Pro League,2020,2021,2020;2021
Kanavi,Tencent LoL Pro League,2019,2024,2019;2020;2021;2022;2023;2024
Kane (Chen Hao),Tencent LoL Pro League,2019,2021,2019;2021
Kane (Li Chi Hung),Tencent LoL Pro League,2015,2015,2015
Karin,Tencent LoL Pro League,2017,2018,2017;2018
Karis,LoL Champions Korea,2021,2024,2021;2022;2023;2024
Karsa,Tencent LoL Pro League,2018,2023,2018;2019;2020;2021;2022;2023
Ke,Tencent LoL Pro League,2022,2022,2022
Kedaya,Tencent LoL Pro League,2021,2022,2021;2022
Keine,LoL Champions Korea,2020,2020,2020
Kelin,Tencent LoL Pro League,2021,2021,2021
Kellin,LoL Champions Korea,2019,2024,2019;2020;2021;2022;2023;2024
Kepler,Tencent LoL Pro League,2021,2024,2021;2022;2024
Keria,LoL Champions Korea,2020,2024,2020;2021;2022;2023;2024
Key,LoL Champions Korea,2016,2019,2016;2017;2018;2019
Khan,LoL Champions Korea,2017,2021,2017;2018;2019;2021
Khan,Tencent LoL Pro League,2020,2020,2020
Kid,Tencent LoL Pro League,2015,2018,2015;2016;2017;2018
Kiin,LoL Champions Korea,2017,2024,2017;2018;2019;2020;2021;2022;2023;2024
Killua,Tencent LoL Pro League,2018,2020,2018;2019;2020
Kingen,LoL Champions Korea,2018,2024,2018;2019;2021;2022;2023;2024
Kingen,Tencent LoL Pro League,2020,2020,2020
Kitties,Tencent LoL Pro League,2015,2016,2015;2016
Kiwi,Tencent LoL Pro League,2018,2018,2018
Knight (Zhuo Ding),Tencent LoL Pro League,2018,2024,2018;2019;2020;2021;2022;2023;2024
Korol,Tencent LoL Pro League,2015,2017,2015;2016;2017
Kramer,LoL Champions Korea,2016,2018,2016;2017;2018
Kramer,Tencent LoL Pro League,2019,2021,2019;2020;2021
Kui,Tencent LoL Pro League,2019,2022,2019;2021;2022
Kuma (Park Hyeon-gyu),LoL Champions Korea,2020,2020,2020
Kuri,LoL Champions Korea,2020,2020,2020
Kuro,LoL Champions Korea,2016,2020,2016;2017;2018;2020
Kuro,Tencent LoL Pro League,2019,2019,2019
Kuzan,LoL Champions Korea,2016,2020,2016;2017;2018;2019;2020
Kyeahoo,LoL Champions Korea,2023,2024,2023;2024
Kylin,Tencent LoL Pro League,2016,2016,2016
L3est16,Tencent LoL Pro League,2019,2020,2019;2020
LP,Tencent LoL Pro League,2021,2024,2021;2023;2024
Langx,Tencent LoL Pro League,2017,2021,2017;2018;2019;2020;2021
Lava,LoL Champions Korea,2017,2022,2017;2018;2019;2020;2021;2022
Lcberg,Tencent LoL Pro League,2019,2019,2019
Leaky,Tencent LoL Pro League,2021,2021,2021
Leaper,LoL Champions Korea,2024,2024,2024
Leave,Tencent LoL Pro League,2023,2024,2023;2024
Lehends,LoL Champions Korea,2018,2024,2018;2019;2020;2021;2022;2023;2024
Lele (Dang Bo-Lin),Tencent LoL Pro League,2023,2023,2023
Leo (Dai Cheng),Tencent LoL Pro League,2015,2015,2015
Leo (Han Gyeo-re),LoL Champions Korea,2018,2021,2018;2020;2021
Letme,Tencent LoL Pro League,2015,2018,2015;2016;2017;2018
Levi,Tencent LoL Pro League,2019,2019,2019
Ley,Tencent LoL Pro League,2015,2020,2015;2016;2019;2020
Leyan,Tencent LoL Pro League,2019,2024,2019;2020;2021;2022;2023;2024
Lies (Guo Hao-Tian),Tencent LoL Pro League,2017,2020,2017;2018;2019;2020
Life,LoL Champions Korea,2019,2023,2019;2020;2021;2022;2023
Life,Tencent LoL Pro League,2024,2024,2024
Light (Wang Guang-Yu),Tencent LoL Pro League,2018,2024,2018;2020;2021;2022;2023;2024
Lindarang,LoL Champions Korea,2016,2019,2016;2017;2018;2019
Linfeng,Tencent LoL Pro League,2024,2024,2024
Lira,LoL Champions Korea,2016,2016,2016
Listo,LoL Champions Korea,2022,2022,2022
LokeN,LoL Champions Korea,2016,2016,2016
LokeN,Tencent LoL Pro League,2017,2021,2017;2018;2019;2020;2021
Lonely (Han Gyu-joon),LoL Champions Korea,2020,2020,2020
Loong,Tencent LoL Pro League,2015,2018,2015;2016;2017;2018
Looper,Tencent LoL Pro League,2015,2016,2015;2016
Loopy,LoL Champions Korea,2022,2022,2022
Lospa,LoL Champions Korea,2022,2022,2022
LoveCD,Tencent LoL Pro League,2015,2015,2015
LoveLing,Tencent LoL Pro League,2015,2015,2015
LoveZrr,Tencent LoL Pro League,2019,2019,2019
Lpc,Tencent LoL Pro League,2021,2023,2021;2022;2023
Lucid (Choi Yong-hyeok),LoL Champions Korea,2024,2024,2024
Luo (Luo Ci-Rui),Tencent LoL Pro League,2015,2016,2015;2016
Luo (Yin Peng),Tencent LoL Pro League,2015,2015,2015
LvMao,Tencent LoL Pro League,2017,2023,2017;2018;2019;2020;2021;2022;2023
Lwx,Tencent LoL Pro League,2017,2024,2017;2018;2019;2020;2021;2022;2023;2024
Lz (Li Zhen),Tencent LoL Pro League,2017,2017,2017
Lzq,Tencent LoL Pro League,2023,2023,2023
M1anhua,Tencent LoL Pro League,2018,2018,2018
MISSING,Tencent LoL Pro League,2018,2024,2018;2019;2020;2021;2022;2023;2024
MaHa,LoL Champions Korea,2016,2018,2016;2017;2018
MaRin,LoL Champions Korea,2017,2017,2017
MaRin,Tencent LoL Pro League,2016,2018,2016;2018
MadLife,LoL Champions Korea,2016,2016,2016
Maestro (Hu Jian-Xin),Tencent LoL Pro League,2018,2020,2018;2019;2020
Magic (Zhou Jun-Xuan),Tencent LoL Pro League,2018,2019,2018;2019
MaiX,Tencent LoL Pro League,2019,2019,2019
Maizijian,Tencent LoL Pro League,2015,2015,2015
Malrang,LoL Champions Korea,2017,2021,2017;2019;2020;2021
MapSSi,LoL Champions Korea,2021,2021,2021
Maple (Huang Yi-Tang),Tencent LoL Pro League,2019,2022,2019;2020;2022
Marge,Tencent LoL Pro League,2016,2017,2016;2017
Mark (Ling Xu),Tencent LoL Pro League,2019,2024,2019;2020;2021;2022;2023;2024
Martin (Tan Qi),Tencent LoL Pro League,2015,2018,2015;2016;2018
Mata,LoL Champions Korea,2017,2019,2017;2018;2019
Mata,Tencent LoL Pro League,2015,2016,2015;2016
Max (Jeong Jong-bin),LoL Champions Korea,2016,2018,2016;2017;2018
Meiko,Tencent LoL Pro League,2015,2024,2015;2016;2017;2018;2019;2020;2021;2022;2023;2024
Melody (Liu Yi-Fan),Tencent LoL Pro League,2020,2020,2020
Melon (Zhong Wang),Tencent LoL Pro League,2018,2018,2018
Memory,Tencent LoL Pro League,2016,2016,2016
Meteor,Tencent LoL Pro League,2019,2024,2019;2020;2021;2023;2024
Mia,LoL Champions Korea,2020,2020,2020
Miaoniu,Tencent LoL Pro League,2022,2022,2022
Michi,Tencent LoL Pro League,2021,2021,2021
Mickey (Son Young-min),LoL Champions Korea,2016,2020,2016;2017;2020
Mightybear,LoL Champions Korea,2017,2018,2017;2018
Mihile,LoL Champions Korea,2024,2024,2024
Milkyway,Tencent LoL Pro League,2024,2024,2024
Ming (Shi Sen-Ming),Tencent LoL Pro League,2017,2024,2017;2018;2019;2020;2021;2022;2023;2024
Mint,Tencent LoL Pro League,2017,2017,2017
Mir (Park Mi-reu),LoL Champions Korea,2021,2021,2021
Mireu,LoL Champions Korea,2020,2020,2020
Missia,Tencent LoL Pro League,2021,2021,2021
Mitsuki,Tencent LoL Pro League,2019,2020,2019;2020
Mlxg,Tencent LoL Pro League,2015,2018,2015;2016;2017;2018
Mni,Tencent LoL Pro League,2019,2019,2019
Mo,Tencent LoL Pro League,2017,2017,2017
Moham,LoL Champions Korea,2022,2024,2022;2023;2024
Mole,Tencent LoL Pro League,2018,2023,2018;2019;2020;2021;2022;2023
Monki,Tencent LoL Pro League,2024,2024,2024
MooJin,LoL Champions Korea,2019,2019,2019
Moon (Gu Yue-Ze-Yu),Tencent LoL Pro League,2016,2016,2016
Mor,Tencent LoL Pro League,2015,2017,2015;2016;2017
Morgan,LoL Champions Korea,2021,2024,2021;2022;2023;2024
Morgan,Tencent LoL Pro League,2019,2020,2019;2020
Mortred,Tencent LoL Pro League,2016,2016,2016
Motive,LoL Champions Korea,2018,2018,2018
Mountain (Xue Zhao-Hong),Tencent LoL Pro League,2018,2018,2018
Mouse,Tencent LoL Pro League,2015,2018,2015;2016;2017;2018
Mowgli,LoL Champions Korea,2017,2018,2017;2018
Moyan,Tencent LoL Pro League,2022,2024,2022;2024
Moyu,Tencent LoL Pro League,2017,2019,2017;2018;2019
Mystic,LoL Champions Korea,2020,2020,2020
Mystic,Tencent LoL Pro League,2015,2019,2015;2016;2017;2018;2019
NaMei,Tencent LoL Pro League,2015,2016,2015;2016
Naehyun,LoL Champions Korea,2019,2020,2019;2020
Naiyou,Tencent LoL Pro League,2024,2024,2024
Nanzhu,Tencent LoL Pro League,2018,2018,2018
Natz,Tencent LoL Pro League,2017,2017,2017
Neny,Tencent LoL Pro League,2021,2024,2021;2022;2023;2024
New,Tencent LoL Pro League,2018,2022,2018;2020;2021;2022
Newt,Tencent LoL Pro League,2018,2018,2018
Niket,Tencent LoL Pro League,2024,2024,2024
Ning,Tencent LoL Pro League,2017,2023,2017;2018;2019;2020;2023
Ninja,Tencent LoL Pro League,2015,2015,2015
Noah (Oh Hyeon-taek),LoL Champions Korea,2021,2021,2021
Nova (Park Chan-ho),LoL Champions Korea,2018,2019,2018;2019
Nuclear,LoL Champions Korea,2016,2020,2016;2019;2020
Nuguri,LoL Champions Korea,2019,2022,2019;2020;2022
Nuguri,Tencent LoL Pro League,2021,2021,2021
ON,Tencent LoL Pro League,2021,2024,2021;2022;2023;2024
OTTO (Hou Guo-Yu),Tencent LoL Pro League,2016,2019,2016;2019
Ohq,Tencent LoL Pro League,2017,2017,2017
OnFleek,LoL Champions Korea,2019,2022,2019;2020;2021;2022
Oner,LoL Champions Korea,2021,2024,2021;2022;2023;2024
Ophelia,LoL Champions Korea,2022,2022,2022
POUT,Tencent LoL Pro League,2023,2023,2023
Paduck,LoL Champions Korea,2023,2024,2023;2024
PandaC,Tencent LoL Pro League,2022,2022,2022
Papillon,Tencent LoL Pro League,2017,2017,2017
Part,LoL Champions Korea,2016,2017,2016;2017
Patch (Han Seung-min),Tencent LoL Pro League,2021,2021,2021
PawN,LoL Champions Korea,2017,2019,2017;2018;2019
PawN,Tencent LoL Pro League,2015,2016,2015;2016
Peace (Lin Shang-Ren),Tencent LoL Pro League,2021,2021,2021
Peach,LoL Champions Korea,2022,2022,2022
Peanut,LoL Champions Korea,2016,2024,2016;2017;2018;2019;2021;2022;2023;2024
Peanut,Tencent LoL Pro League,2020,2020,2020
Peng (Peng Yi-Bo),Tencent LoL Pro League,2015,2017,2015;2017
Penguin (Zhao Shuai),Tencent LoL Pro League,2019,2019,2019
PentaQ,Tencent LoL Pro League,2016,2017,2016;2017
PerfecT (Lee Seung-min),LoL Champions Korea,2023,2024,2023;2024
Peter (Jeong Yoon-su),LoL Champions Korea,2022,2024,2022;2023;2024
Peyz,LoL Champions Korea,2023,2024,2023;2024
Photic,Tencent LoL Pro League,2020,2024,2020;2022;2023;2024
Pilot (Na Woo-hyung),LoL Champions Korea,2016,2018,2016;2018
Ping,Tencent LoL Pro League,2017,2018,2017;2018
Pinz,Tencent LoL Pro League,2023,2023,2023
Pirean,LoL Champions Korea,2018,2018,2018
Pleata,LoL Champions Korea,2021,2024,2021;2023;2024
Poby,LoL Champions Korea,2023,2023,2023
Poge,Tencent LoL Pro League,2019,2020,2019;2020
Pollu,LoL Champions Korea,2024,2024,2024
Poss,Tencent LoL Pro League,2019,2019,2019
Ppgod,Tencent LoL Pro League,2020,2024,2020;2021;2022;2023;2024
Pqy,Tencent LoL Pro League,2020,2021,2020;2021
PraY,LoL Champions Korea,2016,2019,2016;2017;2018;2019
Prince (Lee Chae-hwan),LoL Champions Korea,2018,2022,2018;2019;2021;2022
Prince (Lee Chae-hwan),Tencent LoL Pro League,2024,2024,2024
Profit,LoL Champions Korea,2017,2017,2017
Proud,LoL Champions Korea,2019,2019,2019
Prove (Son Min-hyeong),LoL Champions Korea,2022,2022,2022
Puff (Ding Wang),Tencent LoL Pro League,2019,2022,2019;2020;2021;2022
Pullbae,LoL Champions Korea,2024,2024,2024
Punch,LoL Champions Korea,2017,2020,2017;2019;2020
Pure,LoL Champions Korea,2016,2016,2016
Pyl (Chen Bo),Tencent LoL Pro League,2015,2019,2015;2016;2017;2018;2019
Pyosik,LoL Champions Korea,2020,2024,2020;2021;2022;2024
Pzx,Tencent LoL Pro League,2021,2021,2021
Qing,Tencent LoL Pro League,2023,2023,2023
QingSi,Tencent LoL Pro League,2016,2016,2016
Qingtian,Tencent LoL Pro League,2021,2024,2021;2022;2023;2024
QiuQiu (Zhang Ming),Tencent LoL Pro League,2017,2024,2017;2018;2019;2020;2021;2022;2023;2024
Quad,LoL Champions Korea,2020,2023,2020;2021;2023
Quantum (Son Jeong-hwan),LoL Champions Korea,2024,2024,2024
Quid,LoL Champions Korea,2022,2022,2022
RD,Tencent LoL Pro League,2018,2019,2018;2019
Rahel,LoL Champions Korea,2023,2023,2023
Rain (An Hyeon-guk),Tencent LoL Pro League,2016,2016,2016
Raise,LoL Champions Korea,2017,2018,2017;2018
Raphael (Ko Jae-hyun),Tencent LoL Pro League,2015,2016,2015;2016
Raptor (Jeon Eo-jin),LoL Champions Korea,2022,2024,2022;2024
Rascal,LoL Champions Korea,2017,2024,2017;2018;2019;2020;2021;2022;2023;2024
Rather,LoL Champions Korea,2018,2018,2018
Ray,LoL Champions Korea,2020,2020,2020
Ray,Tencent LoL Pro League,2015,2019,2015;2018;2019
ReGank,Tencent LoL Pro League,2018,2018,2018
Reven (Seong Sang-hyeon),Tencent LoL Pro League,2016,2016,2016
Rich (Lee Jae-won),LoL Champions Korea,2019,2021,2019;2020;2021
Rich (Lee Jae-won),Tencent LoL Pro League,2022,2023,2022;2023
Rio,Tencent LoL Pro League,2017,2017,2017
Rise (Zhang Sheng),Tencent LoL Pro League,2022,2022,2022
Roach,LoL Champions Korea,2016,2020,2016;2017;2018;2019;2020
Road (Yun Han-gil),Tencent LoL Pro League,2016,2019,2016;2017;2018;2019
Romantic,Tencent LoL Pro League,2016,2016,2016
Rookie,Tencent LoL Pro League,2015,2024,2015;2016;2017;2018;2019;2020;2021;2022;2023;2024
Route,LoL Champions Korea,2019,2021,2019;2020;2021
Ruby (Lee Sol-min),Tencent LoL Pro League,2020,2020,2020
Ruler,LoL Champions Korea,2016,2022,2016;2017;2018;2019;2020;2021;2022
Ruler,Tencent LoL Pro League,2023,2024,2023;2024
Ruo (Teng Yang-Tian-Xia),Tencent LoL Pro League,2015,2015,2015
Rush,LoL Champions Korea,2018,2018,2018
SSUN (Kim Tae-yang),LoL Champions Korea,2019,2020,2019;2020
SaSin,LoL Champions Korea,2016,2016,2016
SamD,LoL Champions Korea,2022,2022,2022
SamD,Tencent LoL Pro League,2020,2021,2020;2021
Samver,LoL Champions Korea,2024,2024,2024
San (Guo Jun-Liang),Tencent LoL Pro League,2015,2015,2015
Sanghyeon,LoL Champions Korea,2020,2020,2020
Sangyoon,LoL Champions Korea,2016,2019,2016;2017;2018;2019
Sask,Tencent LoL Pro League,2015,2016,2015;2016
Save,Tencent LoL Pro League,2015,2016,2015;2016
Savoki,Tencent LoL Pro League,2016,2017,2016;2017
Score,LoL Champions Korea,2016,2019,2016;2017;2018;2019
Scout,LoL Champions Korea,2016,2016,2016
Scout,Tencent LoL Pro League,2016,2024,2016;2017;2018;2019;2020;2021;2022;2023;2024
SeTab,LoL Champions Korea,2022,2024,2022;2024
Secret (Park Ki-sun),LoL Champions Korea,2016,2020,2016;2017;2018;2020
Seize,LoL Champions Korea,2019,2019,2019
SeongHwan,LoL Champions Korea,2016,2019,2016;2017;2018;2019
Shad0w,Tencent LoL Pro League,2021,2023,2021;2022;2023
Shanji,Tencent LoL Pro League,2022,2024,2022;2023;2024
Shanks,Tencent LoL Pro League,2021,2024,2021;2022;2023;2024
Shaoye,Tencent LoL Pro League,2024,2024,2024
Sheer,Tencent LoL Pro League,2024,2024,2024
Shenyi,Tencent LoL Pro League,2021,2021,2021
ShiauC,Tencent LoL Pro League,2020,2024,2020;2021;2022;2024
ShowMaker,LoL Champions Korea,2019,2024,2019;2020;2021;2022;2023;2024
Shupian,Tencent LoL Pro League,2017,2017,2017
Shy,LoL Champions Korea,2016,2017,2016;2017
SinkDream,Tencent LoL Pro League,2015,2015,2015
Sky (Kim Ha-neul),LoL Champions Korea,2016,2016,2016
Skye,Tencent LoL Pro League,2015,2017,2015;2017
Smeb,LoL Champions Korea,2016,2020,2016;2017;2018;2019;2020
Smlz,Tencent LoL Pro League,2015,2022,2015;2016;2017;2018;2019;2020;2021;2022
Snoopy (Yang Yeo-myeong),Tencent LoL Pro League,2016,2016,2016
Snow (Wu Hao-Shun),Tencent LoL Pro League,2018,2018,2018
SnowFlower,LoL Champions Korea,2016,2022,2016;2017;2019;2022
SoHwan,LoL Champions Korea,2016,2020,2016;2017;2018;2019;2020
SoaR,LoL Champions Korea,2016,2016,2016
Soboro,LoL Champions Korea,2022,2022,2022
SofM,Tencent LoL Pro League,2016,2022,2016;2017;2018;2019;2020;2021;2022
Solokill,Tencent LoL Pro League,2024,2024,2024
Sora (Liu Zhi-Long),Tencent LoL Pro League,2020,2020,2020
Soul (Seo Hyeon-seok),LoL Champions Korea,2016,2016,2016
Soul (Zhou Feng),Tencent LoL Pro League,2016,2017,2016;2017
Southwind,Tencent LoL Pro League,2019,2023,2019;2020;2022;2023
Spirit,LoL Champions Korea,2017,2020,2017;2018;2019;2020
Spirit,Tencent LoL Pro League,2015,2015,2015
Sponge,LoL Champions Korea,2024,2024,2024
Ss17,Tencent LoL Pro League,2016,2016,2016
Ssol,LoL Champions Korea,2016,2020,2016;2017;2018;2019;2020
Ssumday,LoL Champions Korea,2016,2016,2016
Starlight,Tencent LoL Pro League,2017,2017,2017
Starry,Tencent LoL Pro League,2024,2024,2024
Stay (Guo Yi-Yang),Tencent LoL Pro League,2021,2024,2021;2022;2024
Stitch,LoL Champions Korea,2016,2019,2016;2017;2019
Strive,Tencent LoL Pro League,2022,2023,2022;2023
Styz,Tencent LoL Pro League,2015,2016,2015;2016
Summit,LoL Champions Korea,2019,2021,2019;2020;2021
Summit,Tencent LoL Pro League,2022,2022,2022
Sw0rd,LoL Champions Korea,2018,2022,2018;2019;2020;2022
Sweet (Lee Eun-teak),LoL Champions Korea,2016,2016,2016
Swift,Tencent LoL Pro League,2015,2018,2015;2016;2017;2018
SwordArt,Tencent LoL Pro League,2019,2023,2019;2020;2022;2023
Sylvie,LoL Champions Korea,2022,2024,2022;2023;2024
TaNa,LoL Champions Korea,2019,2019,2019
Tabe,Tencent LoL Pro League,2016,2016,2016
Taeyoon (Kim Tae-yoon),LoL Champions Korea,2021,2024,2021;2022;2023;2024
Tale,Tencent LoL Pro League,2015,2015,2015
Tangyuan,Tencent LoL Pro League,2023,2024,2023;2024
Tank,Tencent LoL Pro League,2016,2017,2016;2017
Tarzan (Lee Seung-yong),LoL Champions Korea,2018,2020,2018;2019;2020
Tarzan (Lee Seung-yong),Tencent LoL Pro League,2021,2024,2021;2022;2023;2024
Tbq,Tencent LoL Pro League,2015,2017,2015;2016;2017
Teacherma,Tencent LoL Pro League,2020,2020,2020
Teddy,LoL Champions Korea,2017,2024,2017;2018;2019;2020;2021;2022;2023;2024
Teeen,Tencent LoL Pro League,2019,2021,2019;2021
Tempt,LoL Champions Korea,2016,2020,2016;2017;2018;2019;2020
Ten10,LoL Champions Korea,2022,2022,2022
Test Sup,LoL Champions Korea,2019,2019,2019
Thal,LoL Champions Korea,2018,2019,2018;2019
TheNiu,Tencent LoL Pro League,2024,2024,2024
TheShy,Tencent LoL Pro League,2017,2023,2017;2018;2019;2020;2021;2022;2023
Thesnake,Tencent LoL Pro League,2023,2024,2023;2024
Tian,Tencent LoL Pro League,2018,2024,2018;2019;2020;2021;2022;2023;2024
Tianzhen,Tencent LoL Pro League,2023,2024,2023;2024
Time (Tang Jing-Tai),Tencent LoL Pro League,2015,2016,2015;2016
Totoro (Eun Jong-seop),LoL Champions Korea,2016,2017,2016;2017
TrAce,LoL Champions Korea,2016,2016,2016
Trick,LoL Champions Korea,2018,2018,2018
Trigger (Kim Eui-joo),LoL Champions Korea,2020,2020,2020
Trigger (Kim Eui-joo),Tencent LoL Pro League,2021,2021,2021
Try,Tencent LoL Pro League,2016,2016,2016
TusiN,LoL Champions Korea,2017,2020,2017;2018;2019;2020
Twila,Tencent LoL Pro League,2019,2021,2019;2020;2021
U,Tencent LoL Pro League,2015,2015,2015
Ucal,LoL Champions Korea,2018,2021,2018;2019;2020;2021
Ucal,Tencent LoL Pro League,2022,2024,2022;2023;2024
UmTi,LoL Champions Korea,2017,2023,2017;2018;2019;2021;2022;2023
Uniboy,Tencent LoL Pro League,2021,2021,2021
Unicorn,Tencent LoL Pro League,2015,2016,2015;2016
Untara,LoL Champions Korea,2016,2020,2016;2017;2018;2020
Uzi (Jian Zi-Hao),Tencent LoL Pro League,2015,2023,2015;2016;2017;2018;2019;2022;2023
V,Tencent LoL Pro League,2015,2017,2015;2016;2017
Vampire,Tencent LoL Pro League,2024,2024,2024
Vas1lii,Tencent LoL Pro League,2015,2017,2015;2017
VicLa,LoL Champions Korea,2022,2022,2022
VicLa,Tencent LoL Pro League,2024,2024,2024
View,Tencent LoL Pro League,2021,2022,2021;2022
Viod (Lu Fan),Tencent LoL Pro League,2015,2015,2015
Viper (Park Do-hyeon),LoL Champions Korea,2018,2024,2018;2019;2020;2023;2024
Viper (Park Do-hyeon),Tencent LoL Pro League,2021,2022,2021;2022
Vital,LoL Champions Korea,2022,2024,2022;2023;2024
Vsta,LoL Champions Korea,2020,2022,2020;2021;2022
WXZ,Tencent LoL Pro League,2018,2018,2018
Water (Fu Hui),Tencent LoL Pro League,2018,2018,2018
Way (Han Gil),LoL Champions Korea,2023,2023,2023
Wayward,Tencent LoL Pro League,2022,2024,2022;2023;2024
Wei (Yan Yang-Wei),Tencent LoL Pro League,2020,2024,2020;2021;2022;2023;2024
WeiYan,Tencent LoL Pro League,2019,2020,2019;2020
Weiwei,Tencent LoL Pro League,2019,2024,2019;2020;2021;2022;2023;2024
Wen (Liao Wen-Wei),Tencent LoL Pro League,2023,2024,2023;2024
West,Tencent LoL Pro League,2017,2019,2017;2018;2019
Willer,LoL Champions Korea,2021,2024,2021;2022;2023;2024
Windy,Tencent LoL Pro League,2017,2019,2017;2019
Winged,LoL Champions Korea,2016,2016,2016
Wings (Wang Shu-Kai),Tencent LoL Pro League,2020,2020,2020
Wink,Tencent LoL Pro League,2019,2024,2019;2020;2021;2022;2023;2024
Wisdomz,Tencent LoL Pro League,2017,2018,2017;2018
Wiz,LoL Champions Korea,2018,2018,2018
Wizer,LoL Champions Korea,2019,2019,2019
Wolf (Lee Jae-wan),LoL Champions Korea,2016,2018,2016;2017;2018
World6,Tencent LoL Pro League,2015,2019,2015;2016;2017;2018;2019
Wraith,LoL Champions Korea,2016,2018,2016;2017;2018
WuShuang,Tencent LoL Pro League,2016,2017,2016;2017
Wuming (Wang Xin),Tencent LoL Pro League,2020,2021,2020;2021
Wuxx,Tencent LoL Pro League,2015,2017,2015;2016;2017
Wynn,Tencent LoL Pro League,2017,2020,2017;2020
X1u,Tencent LoL Pro League,2015,2016,2015;2016
X41007,Tencent LoL Pro League,2015,2016,2015;2016
XBY,Tencent LoL Pro League,2024,2024,2024
XBear,Tencent LoL Pro League,2024,2024,2024
XLB,Tencent LoL Pro League,2020,2023,2020;2022;2023
XQ,Tencent LoL Pro League,2016,2016,2016
Xero,Tencent LoL Pro League,2016,2016,2016
Xiaguang,Tencent LoL Pro League,2020,2020,2020
Xiamu,Tencent LoL Pro League,2024,2024,2024
Xiao7,Tencent LoL Pro League,2021,2021,2021
XiaoYao,Tencent LoL Pro League,2019,2019,2019
Xiaoali,Tencent LoL Pro League,2017,2017,2017
Xiaobai,Tencent LoL Pro League,2020,2020,2020
Xiaocaobao,Tencent LoL Pro League,2021,2021,2021
Xiaofang,Tencent LoL Pro League,2024,2024,2024
Xiaohan (Pan Han),Tencent LoL Pro League,2018,2020,2018;2019;2020
Xiaohao,Tencent LoL Pro League,2021,2024,2021;2022;2023;2024
Xiaohu,Tencent LoL Pro League,2015,2024,2015;2016;2017;2018;2019;2020;2021;2022;2023;2024
Xiaohuangren,Tencent LoL Pro League,2023,2023,2023
Xiaolaohu,Tencent LoL Pro League,2021,2024,2021;2022;2023;2024
Xiaopeng,Tencent LoL Pro League,2019,2022,2019;2020;2021;2022
Xiaoxiang,Tencent LoL Pro League,2020,2022,2020;2022
Xiaoxu,Tencent LoL Pro League,2023,2024,2023;2024
Xiaoyueji,Tencent LoL Pro League,2022,2024,2022;2023;2024
XinLiu,Tencent LoL Pro League,2019,2023,2019;2021;2022;2023
XinMo,Tencent LoL Pro League,2019,2020,2019;2020
Xing (Liu Jia-Xing),Tencent LoL Pro League,2022,2022,2022
Xintai,Tencent LoL Pro League,2018,2018,2018
Xiyang,Tencent LoL Pro League,2015,2019,2015;2016;2017;2018;2019
Xiye,Tencent LoL Pro League,2015,2022,2015;2016;2017;2018;2019;2020;2021;2022
Xqw,Tencent LoL Pro League,2023,2023,2023
XuanXuanPi,Tencent LoL Pro League,2015,2018,2015;2016;2017;2018
Xun,Tencent LoL Pro League,2021,2024,2021;2022;2023;2024
Xx (Xiong Yu-Long),Tencent LoL Pro League,2018,2020,2018;2019;2020
Xy,Tencent LoL Pro League,2016,2016,2016
Xzz,Tencent LoL Pro League,2024,2024,2024
Y1han,Tencent LoL Pro League,2017,2019,2017;2018;2019
Y4,Tencent LoL Pro League,2017,2021,2017;2018;2019;2020;2021
YSKM,Tencent LoL Pro League,2023,2024,2023;2024
Yagao,Tencent LoL Pro League,2018,2024,2018;2019;2020;2021;2022;2023;2024
Yaharong,LoL Champions Korea,2018,2021,2018;2019;2021
Yanxiang,Tencent LoL Pro League,2024,2024,2024
Yaoyao,Tencent LoL Pro League,2021,2023,2021;2022;2023
YeG,Tencent LoL Pro League,2021,2022,2021;2022
Yimeng,Tencent LoL Pro League,2021,2021,2021
Yohan,LoL Champions Korea,2021,2021,2021
Yolo (Jang Hyeon-su),Tencent LoL Pro League,2016,2016,2016
Yoon,Tencent LoL Pro League,2017,2018,2017;2018
Youdang,Tencent LoL Pro League,2018,2024,2018;2019;2020;2024
YoungJae,LoL Champions Korea,2020,2024,2020;2021;2022;2023;2024
Youxin,Tencent LoL Pro League,2021,2021,2021
Yu (Li Xin-Nan),Tencent LoL Pro League,2016,2016,2016
YuZhe,Tencent LoL Pro League,2015,2015,2015
Yuekai,Tencent LoL Pro League,2021,2024,2021;2022;2024
Yui,Tencent LoL Pro League,2020,2020,2020
Yuuki (Hu Hao-Ming),Tencent LoL Pro League,2018,2020,2018;2019;2020
Yuyanjia,Tencent LoL Pro League,2020,2023,2020;2021;2022;2023
ZUIAN,Tencent LoL Pro League,2024,2024,2024
ZWuJi,Tencent LoL Pro League,2019,2021,2019;2020;2021
ZangAo,Tencent LoL Pro League,2015,2015,2015
Zdz,Tencent LoL Pro League,2019,2024,2019;2021;2022;2023;2024
Zeka (Kim Geon-woo),LoL Champions Korea,2022,2024,2022;2023;2024
Zeka (Kim Geon-woo),Tencent LoL Pro League,2020,2021,2020;2021
Zenit,LoL Champions Korea,2019,2020,2019;2020
Zero (Yoon Kyung-sup),Tencent LoL Pro League,2015,2018,2015;2016;2017;2018
Zest (Kim Dong-min),LoL Champions Korea,2022,2022,2022
Zet,LoL Champions Korea,2016,2016,2016
Zet,Tencent LoL Pro League,2017,2017,2017
Zeus,LoL Champions Korea,2021,2024,2021;2022;2023;2024
Zhaoyun,Tencent LoL Pro League,2019,2019,2019
Zhiqiuyi,Tencent LoL Pro League,2023,2023,2023
Zhuo,Tencent LoL Pro League,2021,2024,2021;2022;2023;2024
Zika,Tencent LoL Pro League,2022,2024,2022;2023;2024
Ziv (Chen Yi),Tencent LoL Pro League,2021,2021,2021
Zoom,Tencent LoL Pro League,2018,2022,2018;2019;2020;2021;2022
Zorah,Tencent LoL Pro League,2022,2024,2022;2023;2024
Zs,Tencent LoL Pro League,2021,2022,2021;2022
Zz1tai,Tencent LoL Pro League,2015,2019,2015;2016;2017;2018;2019
Zzr,Tencent LoL Pro League,2015,2017,2015;2016;2017
Zzus,LoL Champions Korea,2016,2021,2016;2021
Zzz2,Tencent LoL Pro League,2015,2016,2015;2016
