PlayerLink,Team,League,Year,Split,Games,CanonicalPlayer,SourceFile
Assassin,Team King,Tencent LoL Pro League,2015,Spring,5,,playoffs_appearances.csv
beishang,Team WE,Tencent LoL Pro League,2019,Spring,4,,playoffs_appearances.csv
beishang,Team WE,Tencent LoL Pro League,2020,Spring,8,,playoffs_appearances.csv
beishang,Team WE,Tencent LoL Pro League,2020,Summer,4,,playoffs_appearances.csv
beishang,Team WE,Tencent LoL Pro League,2021,Spring,3,,playoffs_appearances.csv
beishang,Team WE,Tencent LoL Pro League,2021,Summer,22,,playoffs_appearances.csv
bonO (Kim Gi-beom),KT Rolster,LoL Champions Korea,2020,Spring,3,,playoffs_appearances.csv
caveMan,Vici Gaming,Tencent LoL Pro League,2016,Spring,7,,playoffs_appearances.csv
caveMan,Vici Gaming,Tencent LoL Pro League,2016,Summer,9,,playoffs_appearances.csv
ClearLove,EDward Gaming,Tencent LoL Pro League,2015,Summer,7,,playoffs_appearances.csv
clid,FunPlus Phoenix,Tencent LoL Pro League,2022,Spring,4,,playoffs_appearances.csv
COOL,Oh My God,Tencent LoL Pro League,2015,Summer,7,,playoffs_appearances.csv
deokdam,DWG KIA,LoL Champions Korea,2022,Spring,8,,playoffs_appearances.csv
deokdam,DWG KIA,LoL Champions Korea,2022,Summer,10,,playoffs_appearances.csv
deokdam,FunPlus Phoenix,Tencent LoL Pro League,2024,Spring,4,,playoffs_appearances.csv
deokdam,FunPlus Phoenix,Tencent LoL Pro League,2024,Summer,9,,playoffs_appearances.csv
deokdam,Nongshim RedForce,LoL Champions Korea,2021,Spring,5,,playoffs_appearances.csv
deokdam,Nongshim RedForce,LoL Champions Korea,2021,Summer,7,,playoffs_appearances.csv
fenfen,Suning,Tencent LoL Pro League,2017,Summer,2,,playoffs_appearances.csv
glfs,Invictus Gaming,Tencent LoL Pro League,2024,Summer,5,,playoffs_appearances.csv
GODV (Wei Zhen),LGD Gaming,Tencent LoL Pro League,2015,Summer,16,,playoffs_appearances.csv
gogoing,Oh My God,Tencent LoL Pro League,2015,Summer,7,,playoffs_appearances.csv
haichao,LGD Gaming,Tencent LoL Pro League,2024,Summer,9,,playoffs_appearances.csv
Hoya,DWG KIA,LoL Champions Korea,2022,Spring,3,,playoffs_appearances.csv
huanfeng,Suning,Tencent LoL Pro League,2020,Summer,10,,playoffs_appearances.csv
huanfeng,Suning,Tencent LoL Pro League,2021,Spring,10,,playoffs_appearances.csv
huanfeng,Suning,Tencent LoL Pro League,2021,Summer,5,,playoffs_appearances.csv
huanfeng,ThunderTalk Gaming,Tencent LoL Pro League,2023,Spring,4,,playoffs_appearances.csv
huanfeng,Weibo Gaming,Tencent LoL Pro League,2022,Spring,9,,playoffs_appearances.csv
huanfeng,Weibo Gaming,Tencent LoL Pro League,2022,Summer,4,,playoffs_appearances.csv
iBoy,EDward Gaming,Tencent LoL Pro League,2017,Summer,10,,playoffs_appearances.csv
iBoy,EDward Gaming,Tencent LoL Pro League,2018,Spring,8,,playoffs_appearances.csv
iBoy,EDward Gaming,Tencent LoL Pro League,2018,Summer,4,,playoffs_appearances.csv
iBoy,EDward Gaming,Tencent LoL Pro League,2019,Spring,3,,playoffs_appearances.csv
iBoy,EDward Gaming,Tencent LoL Pro League,2019,Summer,9,,playoffs_appearances.csv
iBoy,Rare Atom,Tencent LoL Pro League,2021,Spring,9,,playoffs_appearances.csv
iBoy,Rare Atom,Tencent LoL Pro League,2021,Summer,5,,playoffs_appearances.csv
iBoy,Rare Atom,Tencent LoL Pro League,2022,Spring,4,,playoffs_appearances.csv
icon,Bilibili Gaming,Tencent LoL Pro League,2022,Summer,4,,playoffs_appearances.csv
icon,LNG Esports,Tencent LoL Pro League,2021,Spring,3,,playoffs_appearances.csv
icon,LNG Esports,Tencent LoL Pro League,2021,Summer,20,,playoffs_appearances.csv
Icon,Oh My God,Tencent LoL Pro League,2017,Spring,14,,playoffs_appearances.csv
Icon,Oh My God,Tencent LoL Pro League,2017,Summer,4,,playoffs_appearances.csv
ikssu,Afreeca Freecs,LoL Champions Korea,2016,Spring,2,,playoffs_appearances.csv
ikssu,Afreeca Freecs,LoL Champions Korea,2016,Summer,2,,playoffs_appearances.csv
imp,LGD Gaming,Tencent LoL Pro League,2015,Spring,11,,playoffs_appearances.csv
imp,LGD Gaming,Tencent LoL Pro League,2015,Summer,16,,playoffs_appearances.csv
imp,LGD Gaming,Tencent LoL Pro League,2016,Spring,3,,playoffs_appearances.csv
JieJie,EDward Gaming,Tencent LoL Pro League,2023,Spring,12,,playoffs_appearances.csv
JieJie,EDward Gaming,Tencent LoL Pro League,2023,Summer,14,,playoffs_appearances.csv
Jiezou,Snake Esports,Tencent LoL Pro League,2016,Summer,6,,playoffs_appearances.csv
Jiumeng,Team WE,Tencent LoL Pro League,2020,Spring,8,,playoffs_appearances.csv
Jiumeng,Team WE,Tencent LoL Pro League,2020,Summer,4,,playoffs_appearances.csv
Jiumeng,Team WE,Tencent LoL Pro League,2021,Spring,3,,playoffs_appearances.csv
knight (Zhuo Ding),Bilibili Gaming,Tencent LoL Pro League,2024,Spring,13,,playoffs_appearances.csv
knight (Zhuo Ding),Bilibili Gaming,Tencent LoL Pro League,2024,Summer,10,,playoffs_appearances.csv
knight (Zhuo Ding),JD Gaming,Tencent LoL Pro League,2023,Spring,12,,playoffs_appearances.csv
knight (Zhuo Ding),JD Gaming,Tencent LoL Pro League,2023,Summer,13,,playoffs_appearances.csv
knight (Zhuo Ding),Top Esports,Tencent LoL Pro League,2020,Spring,13,,playoffs_appearances.csv
knight (Zhuo Ding),Top Esports,Tencent LoL Pro League,2021,Spring,12,,playoffs_appearances.csv
knight (Zhuo Ding),Top Esports,Tencent LoL Pro League,2021,Summer,4,,playoffs_appearances.csv
knight (Zhuo Ding),Top Esports,Tencent LoL Pro League,2022,Spring,25,,playoffs_appearances.csv
knight (Zhuo Ding),Top Esports,Tencent LoL Pro League,2022,Summer,18,,playoffs_appearances.csv
kRYST4L,Snake Esports,Tencent LoL Pro League,2015,Spring,12,,playoffs_appearances.csv
kRYST4L,Snake Esports,Tencent LoL Pro League,2016,Spring,5,,playoffs_appearances.csv
kRYST4L,Snake Esports,Tencent LoL Pro League,2016,Summer,2,,playoffs_appearances.csv
kRYST4L,Snake Esports,Tencent LoL Pro League,2017,Summer,2,,playoffs_appearances.csv
kRYST4L,Snake Esports,Tencent LoL Pro League,2018,Spring,4,,playoffs_appearances.csv
LirA,Afreeca Freecs,LoL Champions Korea,2016,Spring,2,,playoffs_appearances.csv
LirA,Afreeca Freecs,LoL Champions Korea,2016,Summer,2,,playoffs_appearances.csv
Loken,JD Gaming,Tencent LoL Pro League,2018,Spring,2,,playoffs_appearances.csv
Lovecd,Masters 3,Tencent LoL Pro League,2015,Summer,3,,playoffs_appearances.csv
meiko,EDward Gaming,Tencent LoL Pro League,2015,Spring,13,,playoffs_appearances.csv
milkyway,FunPlus Phoenix,Tencent LoL Pro League,2024,Spring,4,,playoffs_appearances.csv
milkyway,FunPlus Phoenix,Tencent LoL Pro League,2024,Summer,9,,playoffs_appearances.csv
ming (Shi Sen-Ming),Royal Never Give Up,Tencent LoL Pro League,2017,Spring,7,,playoffs_appearances.csv
ming (Shi Sen-Ming),Royal Never Give Up,Tencent LoL Pro League,2017,Summer,10,,playoffs_appearances.csv
Missing,JD Gaming,Tencent LoL Pro League,2022,Spring,14,,playoffs_appearances.csv
Missing,JD Gaming,Tencent LoL Pro League,2022,Summer,13,,playoffs_appearances.csv
Missing,Team WE,Tencent LoL Pro League,2019,Spring,4,,playoffs_appearances.csv
Missing,Team WE,Tencent LoL Pro League,2020,Spring,8,,playoffs_appearances.csv
Missing,Team WE,Tencent LoL Pro League,2020,Summer,4,,playoffs_appearances.csv
Missing,Team WE,Tencent LoL Pro League,2021,Spring,3,,playoffs_appearances.csv
Missing,Team WE,Tencent LoL Pro League,2021,Summer,22,,playoffs_appearances.csv
neny,Invictus Gaming,Tencent LoL Pro League,2024,Summer,5,,playoffs_appearances.csv
ppgod,Bilibili Gaming,Tencent LoL Pro League,2021,Summer,3,,playoffs_appearances.csv
ppgod,Oh My God,Tencent LoL Pro League,2023,Spring,18,,playoffs_appearances.csv
ppgod,Oh My God,Tencent LoL Pro League,2023,Summer,5,,playoffs_appearances.csv
ppgod,Oh My God,Tencent LoL Pro League,2024,Spring,4,,playoffs_appearances.csv
ppgod,Oh My God,Tencent LoL Pro League,2024,Summer,3,,playoffs_appearances.csv
ppgod,Victory Five,Tencent LoL Pro League,2020,Summer,8,,playoffs_appearances.csv
ppgod,Victory Five,Tencent LoL Pro League,2022,Spring,13,,playoffs_appearances.csv
ppgod,Victory Five,Tencent LoL Pro League,2022,Summer,5,,playoffs_appearances.csv
Republic,Game Talents,Tencent LoL Pro League,2016,Summer,3,,playoffs_appearances.csv
RooKie,Invictus Gaming,Tencent LoL Pro League,2015,Spring,11,,playoffs_appearances.csv
RooKie,Invictus Gaming,Tencent LoL Pro League,2016,Spring,2,,playoffs_appearances.csv
Samd,Victory Five,Tencent LoL Pro League,2020,Summer,7,,playoffs_appearances.csv
san (Guo Jun-Liang),Oh My God,Tencent LoL Pro League,2015,Summer,7,,playoffs_appearances.csv
shad0w,Ninjas in Pyjamas.CN,Tencent LoL Pro League,2023,Summer,8,,playoffs_appearances.csv
shanji,Ninjas in Pyjamas.CN,Tencent LoL Pro League,2024,Spring,18,,playoffs_appearances.csv
shanji,Ninjas in Pyjamas.CN,Tencent LoL Pro League,2024,Summer,16,,playoffs_appearances.csv
shanji,Oh My God,Tencent LoL Pro League,2022,Summer,5,,playoffs_appearances.csv
shanji,Oh My God,Tencent LoL Pro League,2023,Spring,18,,playoffs_appearances.csv
shanji,Oh My God,Tencent LoL Pro League,2023,Summer,5,,playoffs_appearances.csv
SmLz,Masters 3,Tencent LoL Pro League,2015,Summer,3,,playoffs_appearances.csv
TANK,Snake Esports,Tencent LoL Pro League,2016,Spring,5,,playoffs_appearances.csv
TANK,Snake Esports,Tencent LoL Pro League,2016,Summer,6,,playoffs_appearances.csv
TBQ,LGD Gaming,Tencent LoL Pro League,2015,Spring,11,,playoffs_appearances.csv
TBQ,LGD Gaming,Tencent LoL Pro League,2015,Summer,16,,playoffs_appearances.csv
ucal,ThunderTalk Gaming,Tencent LoL Pro League,2023,Spring,4,,playoffs_appearances.csv
ucal,ThunderTalk Gaming,Tencent LoL Pro League,2024,Summer,8,,playoffs_appearances.csv
wuxin,Team King,Tencent LoL Pro League,2015,Spring,5,,playoffs_appearances.csv
wuxx,Royal Never Give Up,Tencent LoL Pro League,2016,Spring,5,,playoffs_appearances.csv
xiaofang,Oh My God,Tencent LoL Pro League,2024,Spring,4,,playoffs_appearances.csv
xiaohu,Royal Never Give Up,Tencent LoL Pro League,2016,Spring,9,,playoffs_appearances.csv
xiaohu,Royal Never Give Up,Tencent LoL Pro League,2016,Summer,8,,playoffs_appearances.csv
xiaolaohu,FunPlus Phoenix,Tencent LoL Pro League,2022,Spring,4,,playoffs_appearances.csv
xiye,LGD Gaming,Tencent LoL Pro League,2020,Summer,14,,playoffs_appearances.csv
xiye,Team WE,Tencent LoL Pro League,2015,Spring,5,,playoffs_appearances.csv
xiye,Team WE,Tencent LoL Pro League,2016,Spring,12,,playoffs_appearances.csv
xiye,Team WE,Tencent LoL Pro League,2016,Summer,13,,playoffs_appearances.csv
xiye,Team WE,Tencent LoL Pro League,2017,Spring,7,,playoffs_appearances.csv
xiye,Team WE,Tencent LoL Pro League,2017,Summer,13,,playoffs_appearances.csv
xiye,Team WE,Tencent LoL Pro League,2018,Spring,2,,playoffs_appearances.csv
xiye,Team WE,Tencent LoL Pro League,2019,Spring,4,,playoffs_appearances.csv
XUN,Invictus Gaming,Tencent LoL Pro League,2021,Spring,5,,playoffs_appearances.csv
y4,Victory Five,Tencent LoL Pro League,2020,Summer,1,,playoffs_appearances.csv
YaGao,JD Gaming,Tencent LoL Pro League,2018,Spring,2,,playoffs_appearances.csv
YaGao,JD Gaming,Tencent LoL Pro League,2018,Summer,15,,playoffs_appearances.csv
yaoyao,ThunderTalk Gaming,Tencent LoL Pro League,2023,Spring,4,,playoffs_appearances.csv
yoHan,Hanwha Life Esports,LoL Champions Korea,2021,Spring,5,,playoffs_appearances.csv
yuyanjia,Rare Atom,Tencent LoL Pro League,2022,Spring,4,,playoffs_appearances.csv
yuyanjia,Top Esports,Tencent LoL Pro League,2020,Spring,8,,playoffs_appearances.csv
ZEKA (Kim Geon-woo),Hanwha Life Esports,LoL Champions Korea,2023,Spring,12,,playoffs_appearances.csv
AKi (Mao An),Top Esports,Tencent LoL Pro League,2019,Summer,6,,regular_appearances.csv
ALL IN,Afreeca Freecs,LoL Champions Korea,2020,Spring,13,,regular_appearances.csv
Assassin,Team King,Tencent LoL Pro League,2015,Spring,44,,regular_appearances.csv
BaBi9,Suning,Tencent LoL Pro League,2019,Spring,1,,regular_appearances.csv
badeMan,LGD Gaming,Tencent LoL Pro League,2019,Summer,17,,regular_appearances.csv
bei,Oh My God,Tencent LoL Pro League,2016,Summer,3,,regular_appearances.csv
beishang,Invictus Gaming,Tencent LoL Pro League,2023,Summer,7,,regular_appearances.csv
beishang,Team WE,Tencent LoL Pro League,2019,Spring,26,,regular_appearances.csv
beishang,Team WE,Tencent LoL Pro League,2019,Summer,37,,regular_appearances.csv
beishang,Team WE,Tencent LoL Pro League,2020,Spring,41,,regular_appearances.csv
beishang,Team WE,Tencent LoL Pro League,2020,Summer,43,,regular_appearances.csv
beishang,Team WE,Tencent LoL Pro League,2021,Spring,36,,regular_appearances.csv
beishang,Team WE,Tencent LoL Pro League,2021,Summer,40,,regular_appearances.csv
beishang,Team WE,Tencent LoL Pro League,2022,Spring,25,,regular_appearances.csv
beishang,Team WE,Tencent LoL Pro League,2022,Summer,22,,regular_appearances.csv
bing (Feng Jin-Wei),FunPlus Phoenix,Tencent LoL Pro League,2018,Spring,31,,regular_appearances.csv
bkr,Rare Atom,Tencent LoL Pro League,2023,Spring,4,,regular_appearances.csv
bless (Xiang Yi-Tong),Dominus Esports,Tencent LoL Pro League,2020,Spring,4,,regular_appearances.csv
bless (Xiang Yi-Tong),ThunderTalk Gaming,Tencent LoL Pro League,2021,Spring,7,,regular_appearances.csv
bonO (Kim Gi-beom),Hanwha Life Esports,LoL Champions Korea,2019,Spring,38,,regular_appearances.csv
bonO (Kim Gi-beom),Hanwha Life Esports,LoL Champions Korea,2019,Summer,37,,regular_appearances.csv
bonO (Kim Gi-beom),KT Rolster,LoL Champions Korea,2020,Spring,41,,regular_appearances.csv
bonO (Kim Gi-beom),KT Rolster,LoL Champions Korea,2020,Summer,33,,regular_appearances.csv
can,Bilibili Gaming,Tencent LoL Pro League,2022,Summer,14,,regular_appearances.csv
Casual,Oh My God,Tencent LoL Pro League,2018,Spring,2,,regular_appearances.csv
caveMan,Vici Gaming,Tencent LoL Pro League,2016,Spring,40,,regular_appearances.csv
caveMan,Vici Gaming,Tencent LoL Pro League,2016,Summer,37,,regular_appearances.csv
Caveman,Vici Gaming,Tencent LoL Pro League,2017,Spring,6,,regular_appearances.csv
Caveman,Vici Gaming,Tencent LoL Pro League,2018,Spring,43,,regular_appearances.csv
Caveman,Vici Gaming,Tencent LoL Pro League,2018,Summer,33,,regular_appearances.csv
chen9,Team WE,Tencent LoL Pro League,2019,Spring,2,,regular_appearances.csv
chenlun17,LNG Esports,Tencent LoL Pro League,2020,Spring,8,,regular_appearances.csv
chenlun17,LNG Esports,Tencent LoL Pro League,2020,Summer,15,,regular_appearances.csv
chimin,Hyper Youth Gaming,Tencent LoL Pro League,2016,Spring,18,,regular_appearances.csv
chimin,Saint Gaming,Tencent LoL Pro League,2016,Summer,14,,regular_appearances.csv
ClearLove,EDward Gaming,Tencent LoL Pro League,2015,Spring,42,,regular_appearances.csv
clid,FunPlus Phoenix,Tencent LoL Pro League,2022,Spring,30,,regular_appearances.csv
clx,Victory Five,Tencent LoL Pro League,2020,Spring,28,,regular_appearances.csv
cold,Oh My God,Tencent LoL Pro League,2020,Spring,38,,regular_appearances.csv
cold,Oh My God,Tencent LoL Pro League,2020,Summer,27,,regular_appearances.csv
corn (Lei Wen),Star Horn Royal Club,Tencent LoL Pro League,2015,Spring,44,,regular_appearances.csv
corn (Lei Wen),Team King,Tencent LoL Pro League,2015,Summer,44,,regular_appearances.csv
dade,Masters 3,Tencent LoL Pro League,2015,Spring,44,,regular_appearances.csv
dade,Masters 3,Tencent LoL Pro League,2015,Summer,44,,regular_appearances.csv
dade,Newbee,Tencent LoL Pro League,2016,Summer,39,,regular_appearances.csv
deokdam,DRX,LoL Champions Korea,2023,Spring,38,,regular_appearances.csv
deokdam,DWG KIA,LoL Champions Korea,2022,Spring,42,,regular_appearances.csv
deokdam,DWG KIA,LoL Champions Korea,2022,Summer,41,,regular_appearances.csv
deokdam,FunPlus Phoenix,Tencent LoL Pro League,2024,Spring,40,,regular_appearances.csv
deokdam,FunPlus Phoenix,Tencent LoL Pro League,2024,Summer,19,,regular_appearances.csv
deokdam,FunPlus Phoenix,Tencent LoL Pro League,2024,Summer Placements,14,,regular_appearances.csv
deokdam,Nongshim RedForce,LoL Champions Korea,2021,Spring,42,,regular_appearances.csv
deokdam,Nongshim RedForce,LoL Champions Korea,2021,Summer,46,,regular_appearances.csv
deokdam,Team Dynamics,LoL Champions Korea,2020,Summer,44,,regular_appearances.csv
dian,Suning,Tencent LoL Pro League,2017,Summer,12,,regular_appearances.csv
doinb,JD Gaming,Tencent LoL Pro League,2017,Summer,38,,regular_appearances.csv
fearness,FunPlus Phoenix,Tencent LoL Pro League,2023,Spring,15,,regular_appearances.csv
fearness,LGD Gaming,Tencent LoL Pro League,2021,Summer,20,,regular_appearances.csv
fearness,LGD Gaming,Tencent LoL Pro League,2022,Spring,38,,regular_appearances.csv
fearness,LGD Gaming,Tencent LoL Pro League,2022,Summer,35,,regular_appearances.csv
fearness,LGD Gaming,Tencent LoL Pro League,2023,Summer,22,,regular_appearances.csv
fenfen,Suning,Tencent LoL Pro League,2017,Summer,29,,regular_appearances.csv
fenfen,Suning,Tencent LoL Pro League,2018,Summer,15,,regular_appearances.csv
FishBall,Oh My God,Tencent LoL Pro League,2016,Spring,5,,regular_appearances.csv
five,Oh My God,Tencent LoL Pro League,2016,Spring,36,,regular_appearances.csv
five,Oh My God,Tencent LoL Pro League,2016,Summer,38,,regular_appearances.csv
frigid,ThunderTalk Gaming,Tencent LoL Pro League,2022,Spring,16,,regular_appearances.csv
gideon,Invictus Gaming,Tencent LoL Pro League,2023,Spring,36,,regular_appearances.csv
Gimgoon,FunPlus Phoenix,Tencent LoL Pro League,2018,Spring,45,,regular_appearances.csv
Gimgoon,Game Talents,Tencent LoL Pro League,2017,Spring,38,,regular_appearances.csv
glfs,Invictus Gaming,Tencent LoL Pro League,2024,Summer,16,,regular_appearances.csv
glfs,Invictus Gaming,Tencent LoL Pro League,2024,Summer Placements,19,,regular_appearances.csv
GODV (Wei Zhen),LGD Gaming,Tencent LoL Pro League,2015,Summer,44,,regular_appearances.csv
gori,FunPlus Phoenix,Tencent LoL Pro League,2022,Spring,29,,regular_appearances.csv
gosu,Hyper Youth Gaming,Tencent LoL Pro League,2016,Spring,33,,regular_appearances.csv
haichao,LGD Gaming,Tencent LoL Pro League,2022,Summer,23,,regular_appearances.csv
haichao,LGD Gaming,Tencent LoL Pro League,2023,Spring,31,,regular_appearances.csv
haichao,LGD Gaming,Tencent LoL Pro League,2023,Summer,39,,regular_appearances.csv
haichao,LGD Gaming,Tencent LoL Pro League,2024,Spring,40,,regular_appearances.csv
haichao,LGD Gaming,Tencent LoL Pro League,2024,Summer,19,,regular_appearances.csv
haichao,LGD Gaming,Tencent LoL Pro League,2024,Summer Placements,14,,regular_appearances.csv
haoye,FunPlus Phoenix,Tencent LoL Pro League,2023,Spring,6,,regular_appearances.csv
heal (Peng Jun-Jie),Team WE,Tencent LoL Pro League,2022,Summer,17,,regular_appearances.csv
Hoya,DWG KIA,LoL Champions Korea,2022,Spring,6,,regular_appearances.csv
Hoya,Fredit BRION,LoL Champions Korea,2021,Spring,39,,regular_appearances.csv
Hoya,Fredit BRION,LoL Champions Korea,2021,Summer,48,,regular_appearances.csv
Hoya,Griffin (Korean Team),LoL Champions Korea,2020,Spring,8,,regular_appearances.csv
hu1,Gamtee,Tencent LoL Pro League,2015,Spring,24,,regular_appearances.csv
hu1,Team King,Tencent LoL Pro League,2015,Summer,44,,regular_appearances.csv
huanfeng,Royal Never Give Up,Tencent LoL Pro League,2024,Summer,17,,regular_appearances.csv
huanfeng,Royal Never Give Up,Tencent LoL Pro League,2024,Summer Placements,14,,regular_appearances.csv
huanfeng,Suning,Tencent LoL Pro League,2020,Spring,39,,regular_appearances.csv
huanfeng,Suning,Tencent LoL Pro League,2020,Summer,42,,regular_appearances.csv
huanfeng,Suning,Tencent LoL Pro League,2021,Spring,33,,regular_appearances.csv
huanfeng,Suning,Tencent LoL Pro League,2021,Summer,42,,regular_appearances.csv
huanfeng,ThunderTalk Gaming,Tencent LoL Pro League,2023,Spring,36,,regular_appearances.csv
huanfeng,ThunderTalk Gaming,Tencent LoL Pro League,2023,Summer,6,,regular_appearances.csv
huanfeng,Weibo Gaming,Tencent LoL Pro League,2022,Spring,39,,regular_appearances.csv
huanfeng,Weibo Gaming,Tencent LoL Pro League,2022,Summer,41,,regular_appearances.csv
HuaTian,Rogue Warriors,Tencent LoL Pro League,2019,Spring,25,,regular_appearances.csv
HuaTian,Rogue Warriors,Tencent LoL Pro League,2019,Summer,36,,regular_appearances.csv
ian,LGD Gaming,Tencent LoL Pro League,2019,Spring,14,,regular_appearances.csv
iBoy,Anyone's Legend,Tencent LoL Pro League,2023,Summer,21,,regular_appearances.csv
iBoy,EDward Gaming,Tencent LoL Pro League,2017,Summer,13,,regular_appearances.csv
iBoy,EDward Gaming,Tencent LoL Pro League,2018,Spring,45,,regular_appearances.csv
iBoy,EDward Gaming,Tencent LoL Pro League,2018,Summer,43,,regular_appearances.csv
iBoy,EDward Gaming,Tencent LoL Pro League,2019,Spring,29,,regular_appearances.csv
iBoy,EDward Gaming,Tencent LoL Pro League,2019,Summer,33,,regular_appearances.csv
iBoy,Rare Atom,Tencent LoL Pro League,2021,Spring,36,,regular_appearances.csv
iBoy,Rare Atom,Tencent LoL Pro League,2021,Summer,41,,regular_appearances.csv
iBoy,Rare Atom,Tencent LoL Pro League,2022,Spring,38,,regular_appearances.csv
iBoy,Rare Atom,Tencent LoL Pro League,2022,Summer,42,,regular_appearances.csv
iBoy,Vici Gaming,Tencent LoL Pro League,2020,Spring,43,,regular_appearances.csv
iBoy,Vici Gaming,Tencent LoL Pro League,2020,Summer,41,,regular_appearances.csv
icecoKe,Rogue Warriors,Tencent LoL Pro League,2021,Summer,15,,regular_appearances.csv
icon,Bilibili Gaming,Tencent LoL Pro League,2022,Summer,27,,regular_appearances.csv
icon,LNG Esports,Tencent LoL Pro League,2021,Spring,35,,regular_appearances.csv
icon,LNG Esports,Tencent LoL Pro League,2021,Summer,44,,regular_appearances.csv
icon,Oh My God,Tencent LoL Pro League,2016,Spring,15,,regular_appearances.csv
icon,Oh My God,Tencent LoL Pro League,2016,Summer,34,,regular_appearances.csv
Icon,Oh My God,Tencent LoL Pro League,2017,Spring,34,,regular_appearances.csv
Icon,Oh My God,Tencent LoL Pro League,2017,Summer,39,,regular_appearances.csv
icon,Oh My God,Tencent LoL Pro League,2018,Spring,42,,regular_appearances.csv
icon,Oh My God,Tencent LoL Pro League,2018,Summer,46,,regular_appearances.csv
icon,Oh My God,Tencent LoL Pro League,2019,Spring,34,,regular_appearances.csv
icon,Oh My God,Tencent LoL Pro League,2019,Summer,32,,regular_appearances.csv
icon,Oh My God,Tencent LoL Pro League,2020,Spring,38,,regular_appearances.csv
icon,Oh My God,Tencent LoL Pro League,2020,Summer,41,,regular_appearances.csv
IgNar,bbq Olivers,LoL Champions Korea,2018,Spring,44,,regular_appearances.csv
IgNar,bbq Olivers,LoL Champions Korea,2018,Summer,43,,regular_appearances.csv
IgNar,KT Rolster,LoL Champions Korea,2016,Spring,3,,regular_appearances.csv
ikssu,Afreeca Freecs,LoL Champions Korea,2016,Spring,46,,regular_appearances.csv
ikssu,Afreeca Freecs,LoL Champions Korea,2016,Summer,32,,regular_appearances.csv
ikssu,APK Prince,LoL Champions Korea,2020,Spring,43,,regular_appearances.csv
ikssu,Jin Air Green Wings,LoL Champions Korea,2017,Spring,32,,regular_appearances.csv
ikssu,Jin Air Green Wings,LoL Champions Korea,2017,Summer,21,,regular_appearances.csv
ikssu,SeolHaeOne Prince,LoL Champions Korea,2020,Summer,41,,regular_appearances.csv
imp,JD Gaming,Tencent LoL Pro League,2019,Summer,36,,regular_appearances.csv
imp,LGD Gaming,Tencent LoL Pro League,2015,Spring,44,,regular_appearances.csv
imp,LGD Gaming,Tencent LoL Pro League,2015,Summer,44,,regular_appearances.csv
imp,LGD Gaming,Tencent LoL Pro League,2016,Spring,36,,regular_appearances.csv
imp,LGD Gaming,Tencent LoL Pro League,2016,Summer,38,,regular_appearances.csv
imp,Team WE,Tencent LoL Pro League,2018,Summer,2,,regular_appearances.csv
inSec,Star Horn Royal Club,Tencent LoL Pro League,2015,Spring,36,,regular_appearances.csv
inSec,Team King,Tencent LoL Pro League,2015,Summer,36,,regular_appearances.csv
irma,eStar (Chinese Team),Tencent LoL Pro League,2020,Summer,2,,regular_appearances.csv
irma,eStar (Chinese Team),Tencent LoL Pro League,2021,Spring,32,,regular_appearances.csv
irma,Ultra Prime,Tencent LoL Pro League,2021,Summer,5,,regular_appearances.csv
JieJie,EDward Gaming,Tencent LoL Pro League,2023,Spring,39,,regular_appearances.csv
JieJie,EDward Gaming,Tencent LoL Pro League,2023,Summer,41,,regular_appearances.csv
JieJie,EDward Gaming,Tencent LoL Pro League,2024,Spring,16,,regular_appearances.csv
JieJie,EDward Gaming,Tencent LoL Pro League,2024,Summer,18,,regular_appearances.csv
JieJie,EDward Gaming,Tencent LoL Pro League,2024,Summer Placements,13,,regular_appearances.csv
Jiezou,Snake Esports,Tencent LoL Pro League,2016,Summer,37,,regular_appearances.csv
Jiumeng,Team WE,Tencent LoL Pro League,2019,Summer,2,,regular_appearances.csv
Jiumeng,Team WE,Tencent LoL Pro League,2020,Spring,41,,regular_appearances.csv
Jiumeng,Team WE,Tencent LoL Pro League,2020,Summer,43,,regular_appearances.csv
Jiumeng,Team WE,Tencent LoL Pro League,2021,Spring,36,,regular_appearances.csv
juejue,Oh My God,Tencent LoL Pro League,2015,Summer,19,,regular_appearances.csv
juejue,Oh My God,Tencent LoL Pro League,2016,Summer,35,,regular_appearances.csv
JueJue,Oh My God,Tencent LoL Pro League,2017,Spring,10,,regular_appearances.csv
kaixuan,Rogue Warriors,Tencent LoL Pro League,2021,Spring,16,,regular_appearances.csv
kaixuan,Rogue Warriors,Tencent LoL Pro League,2021,Summer,3,,regular_appearances.csv
kane (Li Chi Hung),Energy Pacemaker,Tencent LoL Pro League,2015,Spring,34,,regular_appearances.csv
kelin,Rogue Warriors,Tencent LoL Pro League,2021,Spring,5,,regular_appearances.csv
key,Hanwha Life Esports,LoL Champions Korea,2019,Spring,41,,regular_appearances.csv
key,Hanwha Life Esports,LoL Champions Korea,2019,Summer,42,,regular_appearances.csv
knight (Zhuo Ding),Bilibili Gaming,Tencent LoL Pro League,2024,Spring,35,,regular_appearances.csv
knight (Zhuo Ding),Bilibili Gaming,Tencent LoL Pro League,2024,Summer,22,,regular_appearances.csv
knight (Zhuo Ding),Bilibili Gaming,Tencent LoL Pro League,2024,Summer Placements,14,,regular_appearances.csv
knight (Zhuo Ding),JD Gaming,Tencent LoL Pro League,2023,Spring,36,,regular_appearances.csv
knight (Zhuo Ding),JD Gaming,Tencent LoL Pro League,2023,Summer,35,,regular_appearances.csv
knight (Zhuo Ding),Top Esports,Tencent LoL Pro League,2020,Spring,37,,regular_appearances.csv
knight (Zhuo Ding),Top Esports,Tencent LoL Pro League,2020,Summer,37,,regular_appearances.csv
knight (Zhuo Ding),Top Esports,Tencent LoL Pro League,2021,Spring,35,,regular_appearances.csv
knight (Zhuo Ding),Top Esports,Tencent LoL Pro League,2021,Summer,38,,regular_appearances.csv
knight (Zhuo Ding),Top Esports,Tencent LoL Pro League,2022,Spring,41,,regular_appearances.csv
knight (Zhuo Ding),Top Esports,Tencent LoL Pro League,2022,Summer,38,,regular_appearances.csv
KongMing,Rogue Warriors,Tencent LoL Pro League,2019,Spring,10,,regular_appearances.csv
kRYST4L,Oh My God,Tencent LoL Pro League,2019,Summer,12,,regular_appearances.csv
kRYST4L,Snake Esports,Tencent LoL Pro League,2015,Spring,44,,regular_appearances.csv
kRYST4L,Snake Esports,Tencent LoL Pro League,2015,Summer,26,,regular_appearances.csv
kRYST4L,Snake Esports,Tencent LoL Pro League,2016,Spring,32,,regular_appearances.csv
kRYST4L,Snake Esports,Tencent LoL Pro League,2016,Summer,5,,regular_appearances.csv
kRYST4L,Snake Esports,Tencent LoL Pro League,2017,Spring,25,,regular_appearances.csv
kRYST4L,Snake Esports,Tencent LoL Pro League,2017,Summer,30,,regular_appearances.csv
kRYST4L,Snake Esports,Tencent LoL Pro League,2018,Spring,41,,regular_appearances.csv
kRYST4L,Snake Esports,Tencent LoL Pro League,2018,Summer,3,,regular_appearances.csv
kyeahoo,DRX,LoL Champions Korea,2024,Spring,18,,regular_appearances.csv
kyeahoo,DRX,LoL Champions Korea,2024,Summer,31,,regular_appearances.csv
l3est16,Bilibili Gaming,Tencent LoL Pro League,2020,Summer,12,,regular_appearances.csv
l3est16,Oh My God,Tencent LoL Pro League,2019,Spring,18,,regular_appearances.csv
LANGX,Victory Five,Tencent LoL Pro League,2021,Spring,31,,regular_appearances.csv
LetMe,Gamtee,Tencent LoL Pro League,2015,Spring,44,,regular_appearances.csv
LetMe,Royal Never Give Up,Tencent LoL Pro League,2015,Summer,30,,regular_appearances.csv
LetMe,Royal Never Give Up,Tencent LoL Pro League,2016,Spring,2,,regular_appearances.csv
LeY,Royal Never Give Up,Tencent LoL Pro League,2015,Summer,44,,regular_appearances.csv
leyan,Invictus Gaming,Tencent LoL Pro League,2024,Spring,27,,regular_appearances.csv
LirA,Afreeca Freecs,LoL Champions Korea,2016,Spring,46,,regular_appearances.csv
LirA,Afreeca Freecs,LoL Champions Korea,2016,Summer,36,,regular_appearances.csv
Loken,JD Gaming,Tencent LoL Pro League,2017,Summer,30,,regular_appearances.csv
Loken,JD Gaming,Tencent LoL Pro League,2018,Spring,26,,regular_appearances.csv
Loken,QG Reapers,Tencent LoL Pro League,2017,Spring,1,,regular_appearances.csv
Lovecd,Masters 3,Tencent LoL Pro League,2015,Spring,44,,regular_appearances.csv
Lovecd,Masters 3,Tencent LoL Pro League,2015,Summer,34,,regular_appearances.csv
Luo (Luo Ci-rui),Oh My God,Tencent LoL Pro League,2015,Spring,22,,regular_appearances.csv
Luo (Luo Ci-rui),Oh My God,Tencent LoL Pro League,2016,Spring,3,,regular_appearances.csv
Luo (Luo Ci-rui),Oh My God,Tencent LoL Pro League,2016,Summer,1,,regular_appearances.csv
lwx,FunPlus Phoenix,Tencent LoL Pro League,2018,Spring,45,,regular_appearances.csv
march,Hyper Youth Gaming,Tencent LoL Pro League,2016,Spring,15,,regular_appearances.csv
meiko,EDward Gaming,Tencent LoL Pro League,2015,Spring,36,,regular_appearances.csv
milkyway,FunPlus Phoenix,Tencent LoL Pro League,2024,Spring,39,,regular_appearances.csv
milkyway,FunPlus Phoenix,Tencent LoL Pro League,2024,Summer,19,,regular_appearances.csv
milkyway,FunPlus Phoenix,Tencent LoL Pro League,2024,Summer Placements,14,,regular_appearances.csv
ming (Shi Sen-Ming),Royal Never Give Up,Tencent LoL Pro League,2017,Spring,39,,regular_appearances.csv
ming (Shi Sen-Ming),Royal Never Give Up,Tencent LoL Pro League,2017,Summer,38,,regular_appearances.csv
Missing,JD Gaming,Tencent LoL Pro League,2022,Spring,38,,regular_appearances.csv
Missing,JD Gaming,Tencent LoL Pro League,2022,Summer,42,,regular_appearances.csv
Missing,Team WE,Tencent LoL Pro League,2018,Summer,24,,regular_appearances.csv
Missing,Team WE,Tencent LoL Pro League,2019,Spring,35,,regular_appearances.csv
Missing,Team WE,Tencent LoL Pro League,2019,Summer,37,,regular_appearances.csv
Missing,Team WE,Tencent LoL Pro League,2020,Spring,41,,regular_appearances.csv
Missing,Team WE,Tencent LoL Pro League,2020,Summer,43,,regular_appearances.csv
Missing,Team WE,Tencent LoL Pro League,2021,Spring,36,,regular_appearances.csv
Missing,Team WE,Tencent LoL Pro League,2021,Summer,39,,regular_appearances.csv
Mong,Gen.G,LoL Champions Korea,2018,Summer,1,,regular_appearances.csv
Moojin,Hanwha Life Esports,LoL Champions Korea,2019,Spring,3,,regular_appearances.csv
naiyou,Rare Atom,Tencent LoL Pro League,2024,Spring,38,,regular_appearances.csv
neny,Invictus Gaming,Tencent LoL Pro League,2021,Summer,19,,regular_appearances.csv
neny,Invictus Gaming,Tencent LoL Pro League,2022,Spring,8,,regular_appearances.csv
neny,Invictus Gaming,Tencent LoL Pro League,2023,Spring,7,,regular_appearances.csv
neny,Invictus Gaming,Tencent LoL Pro League,2023,Summer,2,,regular_appearances.csv
neny,Invictus Gaming,Tencent LoL Pro League,2024,Summer,16,,regular_appearances.csv
neny,Invictus Gaming,Tencent LoL Pro League,2024,Summer Placements,19,,regular_appearances.csv
Otto (Hou Guo-Yu),Saint Gaming,Tencent LoL Pro League,2016,Summer,19,,regular_appearances.csv
otto (Hou Guo-Yu),Victory Five,Tencent LoL Pro League,2019,Summer,2,,regular_appearances.csv
peace (Lin Shang-Ren),LGD Gaming,Tencent LoL Pro League,2021,Spring,12,,regular_appearances.csv
pinz,Anyone's Legend,Tencent LoL Pro League,2023,Spring,37,,regular_appearances.csv
pinz,Anyone's Legend,Tencent LoL Pro League,2023,Summer,13,,regular_appearances.csv
Pout,Ninjas in Pyjamas.CN,Tencent LoL Pro League,2023,Spring,17,,regular_appearances.csv
ppgod,Bilibili Gaming,Tencent LoL Pro League,2021,Summer,41,,regular_appearances.csv
ppgod,Oh My God,Tencent LoL Pro League,2023,Spring,40,,regular_appearances.csv
ppgod,Oh My God,Tencent LoL Pro League,2023,Summer,40,,regular_appearances.csv
ppgod,Oh My God,Tencent LoL Pro League,2024,Spring,37,,regular_appearances.csv
ppgod,Oh My God,Tencent LoL Pro League,2024,Summer,17,,regular_appearances.csv
ppgod,Oh My God,Tencent LoL Pro League,2024,Summer Placements,14,,regular_appearances.csv
ppgod,Victory Five,Tencent LoL Pro League,2020,Summer,41,,regular_appearances.csv
ppgod,Victory Five,Tencent LoL Pro League,2021,Spring,38,,regular_appearances.csv
ppgod,Victory Five,Tencent LoL Pro League,2022,Spring,40,,regular_appearances.csv
ppgod,Victory Five,Tencent LoL Pro League,2022,Summer,37,,regular_appearances.csv
pzx,Victory Five,Tencent LoL Pro League,2021,Summer,32,,regular_appearances.csv
qi,DAN Gaming,Tencent LoL Pro League,2017,Summer,7,,regular_appearances.csv
rat,eStar (Chinese Team),Tencent LoL Pro League,2020,Summer,9,,regular_appearances.csv
rat,eStar (Chinese Team),Tencent LoL Pro League,2021,Spring,36,,regular_appearances.csv
Republic,Energy Pacemaker.All,Tencent LoL Pro League,2016,Spring,39,,regular_appearances.csv
Republic,Game Talents,Tencent LoL Pro League,2016,Summer,37,,regular_appearances.csv
Republic,Game Talents,Tencent LoL Pro League,2017,Spring,38,,regular_appearances.csv
RooKie,Invictus Gaming,Tencent LoL Pro League,2015,Spring,41,,regular_appearances.csv
RooKie,Invictus Gaming,Tencent LoL Pro League,2015,Summer,44,,regular_appearances.csv
RooKie,Invictus Gaming,Tencent LoL Pro League,2016,Spring,39,,regular_appearances.csv
Samd,Victory Five,Tencent LoL Pro League,2020,Summer,36,,regular_appearances.csv
san (Guo Jun-Liang),Oh My God,Tencent LoL Pro League,2015,Spring,5,,regular_appearances.csv
san (Guo Jun-Liang),Oh My God,Tencent LoL Pro League,2015,Summer,2,,regular_appearances.csv
Seonghwan,ROX Tigers,LoL Champions Korea,2017,Spring,31,,regular_appearances.csv
shad0w,LGD Gaming,Tencent LoL Pro League,2021,Summer,37,,regular_appearances.csv
shad0w,LGD Gaming,Tencent LoL Pro League,2022,Spring,40,,regular_appearances.csv
shad0w,LGD Gaming,Tencent LoL Pro League,2022,Summer,24,,regular_appearances.csv
shad0w,Ninjas in Pyjamas.CN,Tencent LoL Pro League,2023,Spring,12,,regular_appearances.csv
shad0w,Ninjas in Pyjamas.CN,Tencent LoL Pro League,2023,Summer,35,,regular_appearances.csv
shanji,Ninjas in Pyjamas.CN,Tencent LoL Pro League,2024,Spring,36,,regular_appearances.csv
shanji,Ninjas in Pyjamas.CN,Tencent LoL Pro League,2024,Summer,19,,regular_appearances.csv
shanji,Ninjas in Pyjamas.CN,Tencent LoL Pro League,2024,Summer Placements,19,,regular_appearances.csv
shanji,Oh My God,Tencent LoL Pro League,2022,Spring,41,,regular_appearances.csv
shanji,Oh My God,Tencent LoL Pro League,2022,Summer,43,,regular_appearances.csv
shanji,Oh My God,Tencent LoL Pro League,2023,Spring,42,,regular_appearances.csv
shanji,Oh My God,Tencent LoL Pro League,2023,Summer,40,,regular_appearances.csv
shaoye,LGD Gaming,Tencent LoL Pro League,2024,Spring,27,,regular_appearances.csv
sheer,JD Gaming,Tencent LoL Pro League,2024,Spring,14,,regular_appearances.csv
sheer,JD Gaming,Tencent LoL Pro League,2024,Summer,20,,regular_appearances.csv
sheer,JD Gaming,Tencent LoL Pro League,2024,Summer Placements,7,,regular_appearances.csv
SmLz,Masters 3,Tencent LoL Pro League,2015,Spring,8,,regular_appearances.csv
SmLz,Masters 3,Tencent LoL Pro League,2015,Summer,44,,regular_appearances.csv
ss17God,Hyper Youth Gaming,Tencent LoL Pro League,2016,Spring,33,,regular_appearances.csv
SSol,Afreeca Freecs,LoL Champions Korea,2019,Spring,9,,regular_appearances.csv
SSol,e-mFire,LoL Champions Korea,2016,Spring,18,,regular_appearances.csv
SSol,Kongdoo Monster,LoL Champions Korea,2016,Spring,25,,regular_appearances.csv
SSol,Kongdoo Monster,LoL Champions Korea,2017,Spring,45,,regular_appearances.csv
SSol,Kongdoo Monster,LoL Champions Korea,2018,Spring,41,,regular_appearances.csv
SwordArT,Suning,Tencent LoL Pro League,2019,Spring,37,,regular_appearances.csv
TANK,Snake Esports,Tencent LoL Pro League,2016,Spring,41,,regular_appearances.csv
TANK,Snake Esports,Tencent LoL Pro League,2016,Summer,38,,regular_appearances.csv
TBQ,LGD Gaming,Tencent LoL Pro League,2015,Spring,44,,regular_appearances.csv
TBQ,LGD Gaming,Tencent LoL Pro League,2015,Summer,38,,regular_appearances.csv
Tianci,Royal Never Give Up,Tencent LoL Pro League,2019,Spring,2,,regular_appearances.csv
UCAL,ThunderTalk Gaming,Tencent LoL Pro League,2022,Spring,26,,regular_appearances.csv
ucal,ThunderTalk Gaming,Tencent LoL Pro League,2022,Summer,41,,regular_appearances.csv
ucal,ThunderTalk Gaming,Tencent LoL Pro League,2023,Spring,36,,regular_appearances.csv
ucal,ThunderTalk Gaming,Tencent LoL Pro League,2023,Summer,41,,regular_appearances.csv
ucal,ThunderTalk Gaming,Tencent LoL Pro League,2024,Spring,37,,regular_appearances.csv
ucal,ThunderTalk Gaming,Tencent LoL Pro League,2024,Summer,15,,regular_appearances.csv
ucal,ThunderTalk Gaming,Tencent LoL Pro League,2024,Summer Placements,14,,regular_appearances.csv
v,Star Horn Royal Club,Tencent LoL Pro League,2015,Spring,1,,regular_appearances.csv
vital,Nongshim RedForce,LoL Champions Korea,2022,Spring,7,,regular_appearances.csv
vital,Nongshim RedForce,LoL Champions Korea,2023,Spring,42,,regular_appearances.csv
vital,Nongshim RedForce,LoL Champions Korea,2023,Summer,7,,regular_appearances.csv
vital,Nongshim RedForce,LoL Champions Korea,2024,Summer,11,,regular_appearances.csv
Wei (Wang Huan-Wei),Star Horn Royal Club,Tencent LoL Pro League,2015,Spring,12,,regular_appearances.csv
wuxin,Team King,Tencent LoL Pro League,2015,Spring,44,,regular_appearances.csv
wuxx,Royal Never Give Up,Tencent LoL Pro League,2015,Summer,44,,regular_appearances.csv
wuxx,Royal Never Give Up,Tencent LoL Pro League,2016,Spring,24,,regular_appearances.csv
wuxx,Royal Never Give Up,Tencent LoL Pro League,2017,Summer,2,,regular_appearances.csv
x1u,Energy Pacemaker,Tencent LoL Pro League,2015,Spring,44,,regular_appearances.csv
x1u,Hyper Youth Gaming,Tencent LoL Pro League,2016,Spring,33,,regular_appearances.csv
x1u,Saint Gaming,Tencent LoL Pro League,2016,Summer,28,,regular_appearances.csv
xiao7,ThunderTalk Gaming,Tencent LoL Pro League,2021,Summer,10,,regular_appearances.csv
xiaocaobao,Ultra Prime,Tencent LoL Pro League,2021,Summer,34,,regular_appearances.csv
xiaofang,Oh My God,Tencent LoL Pro League,2024,Spring,37,,regular_appearances.csv
xiaofang,Oh My God,Tencent LoL Pro League,2024,Summer Placements,14,,regular_appearances.csv
xiaohan (Pan Han),JD Gaming,Tencent LoL Pro League,2018,Spring,5,,regular_appearances.csv
xiaohan (Pan Han),Victory Five,Tencent LoL Pro League,2020,Spring,22,,regular_appearances.csv
xiaohu,Gamtee,Tencent LoL Pro League,2015,Spring,36,,regular_appearances.csv
xiaohu,Royal Never Give Up,Tencent LoL Pro League,2015,Summer,44,,regular_appearances.csv
xiaohu,Royal Never Give Up,Tencent LoL Pro League,2016,Spring,36,,regular_appearances.csv
xiaohu,Royal Never Give Up,Tencent LoL Pro League,2016,Summer,40,,regular_appearances.csv
xiaohuangren,ThunderTalk Gaming,Tencent LoL Pro League,2023,Summer,5,,regular_appearances.csv
xiaolaohu,FunPlus Phoenix,Tencent LoL Pro League,2021,Summer,3,,regular_appearances.csv
xiaolaohu,FunPlus Phoenix,Tencent LoL Pro League,2022,Spring,42,,regular_appearances.csv
xiaoxi,LGD Gaming,Tencent LoL Pro League,2015,Summer,6,,regular_appearances.csv
xiaoxi,LGD Gaming,Tencent LoL Pro League,2016,Spring,7,,regular_appearances.csv
xiaoyueji,Invictus Gaming,Tencent LoL Pro League,2022,Spring,8,,regular_appearances.csv
xiaoyueji,Invictus Gaming,Tencent LoL Pro League,2023,Summer,2,,regular_appearances.csv
xiaoyueji,Invictus Gaming,Tencent LoL Pro League,2024,Spring,3,,regular_appearances.csv
xiyang,Oh My God,Tencent LoL Pro League,2015,Spring,5,,regular_appearances.csv
xiyang,Oh My God,Tencent LoL Pro League,2015,Summer,40,,regular_appearances.csv
xiyang,Oh My God,Tencent LoL Pro League,2016,Spring,34,,regular_appearances.csv
xiyang,Oh My God,Tencent LoL Pro League,2016,Summer,35,,regular_appearances.csv
xiye,Dominus Esports,Tencent LoL Pro League,2020,Spring,26,,regular_appearances.csv
xiye,LGD Gaming,Tencent LoL Pro League,2020,Summer,40,,regular_appearances.csv
xiye,LGD Gaming,Tencent LoL Pro League,2021,Summer,37,,regular_appearances.csv
xiye,Team WE,Tencent LoL Pro League,2015,Spring,14,,regular_appearances.csv
xiye,Team WE,Tencent LoL Pro League,2015,Summer,44,,regular_appearances.csv
xiye,Team WE,Tencent LoL Pro League,2016,Spring,39,,regular_appearances.csv
xiye,Team WE,Tencent LoL Pro League,2016,Summer,42,,regular_appearances.csv
xiye,Team WE,Tencent LoL Pro League,2017,Spring,37,,regular_appearances.csv
xiye,Team WE,Tencent LoL Pro League,2017,Summer,40,,regular_appearances.csv
xiye,Team WE,Tencent LoL Pro League,2018,Spring,49,,regular_appearances.csv
xiye,Team WE,Tencent LoL Pro League,2018,Summer,48,,regular_appearances.csv
xiye,Team WE,Tencent LoL Pro League,2019,Spring,33,,regular_appearances.csv
xiye,Team WE,Tencent LoL Pro League,2019,Summer,37,,regular_appearances.csv
xiye,Team WE,Tencent LoL Pro League,2022,Spring,18,,regular_appearances.csv
xiye,Team WE,Tencent LoL Pro League,2022,Summer,7,,regular_appearances.csv
xQ,Hyper Youth Gaming,Tencent LoL Pro League,2016,Spring,33,,regular_appearances.csv
xQ,Saint Gaming,Tencent LoL Pro League,2016,Summer,16,,regular_appearances.csv
xqw,LGD Gaming,Tencent LoL Pro League,2023,Spring,7,,regular_appearances.csv
xubin,Dominus Esports,Tencent LoL Pro League,2020,Summer,30,,regular_appearances.csv
XUN,Invictus Gaming,Tencent LoL Pro League,2021,Spring,36,,regular_appearances.csv
XUN,Invictus Gaming,Tencent LoL Pro League,2021,Summer,37,,regular_appearances.csv
xunyu,Rogue Warriors,Tencent LoL Pro League,2020,Summer,3,,regular_appearances.csv
xy,Masters 3,Tencent LoL Pro League,2016,Spring,27,,regular_appearances.csv
Y1HAN,Royal Never Give Up,Tencent LoL Pro League,2017,Spring,5,,regular_appearances.csv
Y1HAN,Royal Never Give Up,Tencent LoL Pro League,2017,Summer,7,,regular_appearances.csv
y4,LGD Gaming,Tencent LoL Pro League,2018,Summer,38,,regular_appearances.csv
y4,Royal Never Give Up,Tencent LoL Pro League,2017,Summer,15,,regular_appearances.csv
y4,Royal Never Give Up,Tencent LoL Pro League,2018,Spring,8,,regular_appearances.csv
y4,Victory Five,Tencent LoL Pro League,2019,Spring,36,,regular_appearances.csv
y4,Victory Five,Tencent LoL Pro League,2019,Summer,35,,regular_appearances.csv
y4,Victory Five,Tencent LoL Pro League,2020,Spring,33,,regular_appearances.csv
y4,Victory Five,Tencent LoL Pro League,2020,Summer,5,,regular_appearances.csv
y4,Victory Five,Tencent LoL Pro League,2021,Spring,18,,regular_appearances.csv
YaGao,JD Gaming,Tencent LoL Pro League,2018,Spring,48,,regular_appearances.csv
YaGao,JD Gaming,Tencent LoL Pro League,2018,Summer,50,,regular_appearances.csv
yaoyao,ThunderTalk Gaming,Tencent LoL Pro League,2022,Summer,30,,regular_appearances.csv
yaoyao,ThunderTalk Gaming,Tencent LoL Pro League,2023,Spring,29,,regular_appearances.csv
yaoyao,ThunderTalk Gaming,Tencent LoL Pro League,2023,Summer,32,,regular_appearances.csv
Yeongjae (Ko Yeong-jae),Hanwha Life Esports,LoL Champions Korea,2020,Summer,10,,regular_appearances.csv
yoHan,Hanwha Life Esports,LoL Champions Korea,2021,Spring,17,,regular_appearances.csv
yoHan,Hanwha Life Esports,LoL Champions Korea,2021,Summer,11,,regular_appearances.csv
yolo (Jang Hyeon-su),Masters 3,Tencent LoL Pro League,2016,Spring,29,,regular_appearances.csv
yuyanjia,Rare Atom,Tencent LoL Pro League,2022,Spring,30,,regular_appearances.csv
yuyanjia,Rare Atom,Tencent LoL Pro League,2022,Summer,33,,regular_appearances.csv
yuyanjia,ThunderTalk Gaming,Tencent LoL Pro League,2023,Summer,9,,regular_appearances.csv
yuyanjia,Top Esports,Tencent LoL Pro League,2020,Spring,11,,regular_appearances.csv
yuyanjia,Top Esports,Tencent LoL Pro League,2020,Summer,37,,regular_appearances.csv
yuyanjia,Top Esports,Tencent LoL Pro League,2021,Summer,9,,regular_appearances.csv
ZEKA (Kim Geon-woo),Hanwha Life Esports,LoL Champions Korea,2023,Spring,45,,regular_appearances.csv
ZhaoYun,Rogue Warriors,Tencent LoL Pro League,2019,Spring,20,,regular_appearances.csv
zhiqiuyi,Anyone's Legend,Tencent LoL Pro League,2023,Summer,18,,regular_appearances.csv
zs,eStar (Chinese Team),Tencent LoL Pro League,2021,Spring,36,,regular_appearances.csv
zs,Ultra Prime,Tencent LoL Pro League,2021,Summer,39,,regular_appearances.csv
zs,Ultra Prime,Tencent LoL Pro League,2022,Spring,24,,regular_appearances.csv
ZWuji,Rogue Warriors,Tencent LoL Pro League,2019,Spring,31,,regular_appearances.csv
ZZR,Snake Esports,Tencent LoL Pro League,2015,Summer,16,,regular_appearances.csv
