AllName,PlayerPage,CurrentID,Birthdate,Country,Nationality,Residency,Birthdate__precision
0909,0909,0909,2003-09-09,China,,China,1
1ntruder,1ntruder,1ntruder,1994-08-14,China,,China,1
1xn,1xn,1xn,2004-05-01,Hong Kong,,China,1
369,369,369,2001-07-12,China,,China,1
5kid,5kid,5kid,1999-11-28,South Korea,,Korea,1
694,694,694,1995-07-25,China,,China,1
705,705,705,2002-05-28,China,,China,1
8917,Leaky,Leaky,2000-12-02,Taiwan,,Asia Pacific,1
957,957,957,1993-09-21,China,,China,1
Able,Able,Able,2000-02-24,China,,China,1
Acorn,Acorn,Acorn,1990-07-13,South Korea,,Korea,1
ADD,ADD,ADD,1998-10-17,South Korea,,Korea,1
Again,Windy,Windy,1997-09-09,China,,China,1
Ahn,Ahn,Ahn,2001-03-15,China,,China,1
Ahn (An Shan-Ye),Ahn,Ahn,2001-03-15,China,,China,1
Aiming,Aiming,Aiming,2000-07-20,South Korea,,Korea,1
Aitong,Bless (Xiang Yi-Tong),bless,2000-11-14,China,,China,1
Aix,Aix,Aix,1999-09-24,China,,China,1
Aki (Mao An),Aki (Mao An),Aki,2000-04-09,China,,China,1
Ale,Ale,Ale,2001-07-23,China,,China,1
Alex (Chen Yu-Ming),Alex (Chen Yu-Ming),Alex,2000-01-22,Taiwan,,Asia Pacific,1
Ali (Liu Xu-Dong),Ali (Liu Xu-Dong),Ali,,China,,China,
Alielie,Alielie,Alielie,2002-09-04,China,,China,1
Aliez (Huang Hao),Aliez (Huang Hao),Aliez,2001-12-28,China,,China,1
All iN,SSUN (Kim Tae-yang),SSUN,1997-11-20,South Korea,,Korea,1
Alone (Wang Zi-Jun),Alone (Wang Zi-Jun),Alone,1998-01-11,China,,China,1
Aluka,Aluka,Aluka,1995-02-12,China,,China,1
Amazing (Liu Shi-Yu),COLD,COLD,1997-02-01,China,,China,1
AmazingJ,AmazingJ,AmazingJ,1997-11-08,Hong Kong,,China,1
Ambition,Ambition,Ambition,1992-10-27,South Korea,,Korea,1
Andil,Andil,Andil,2002-10-05,South Korea,,Korea,1
Andy (Zhang Jie),Andy (Zhang Jie),Andy,1998-10-31,China,,China,1
Angel (Xiang Tao),Angel (Xiang Tao),Angel,2000-09-16,China,,China,1
Ao,Avenger0,Avenger0,,China,,China,
Aodi,Aodi,Aodi,2000-05-28,China,,China,1
Aria (Lee Ga-eul),Aria (Lee Ga-eul),Aria,2000-10-14,South Korea,,Asia Pacific,1
Aries (Lee Chae-hwan),Prince (Lee Chae-hwan),Prince,2000-04-05,South Korea,,Korea,1
Aris,Arise,Arise,2001-06-11,China,,China,1
Arrow,Arrow,Arrow,1994-07-20,South Korea,,North America,1
Arthur (Park Mi-reu),Mir (Park Mi-reu),Mir,2000-05-24,South Korea,,Korea,1
As6,As6,As6,,China,,China,
Asper,Asper,Asper,2000-01-12,South Korea,,Korea,1
AssassIn,Sask,sask,1995-09-29,China,,China,1
Assum,Assum,Assum,2003-11-30,China,,China,1
Asura (Lu Qi),Asura (Lu Qi),Asura,1998-10-13,China,,China,1
Athena,Athena,Athena,1995-10-19,South Korea,,Korea,1
Audi,Aodi,Aodi,2000-05-28,China,,China,1
Avoidless,Avoidless,Avoidless,1994-05-13,Hong Kong,,China,1
Babi9,Babi9,Babi9,1997-01-14,China,,China,1
BaeMe,BaeMe,BaeMe,1993-10-27,South Korea,,Korea,1
BAKA (Lu Fan),Viod (Lu Fan),Viod,,China,,China,
Banana (Guo Yu-Tong),Shupian,Shupian,,China,,China,
Bananafish,Babi9,Babi9,1997-01-14,China,,China,1
Bang,Bang,Bang,1996-05-18,South Korea,,Korea,1
BAO (Jeong Hyeon-woo),BAO (Jeong Hyeon-woo),BAO,2001-09-20,South Korea,,Korea,1
Baolan,Baolan,Baolan,1999-07-16,China,,China,1
Barrett,Xiaoali,Xiaoali,,China,,China,
Baut,Baut,Baut,2001-03-30,South Korea,,Korea,1
Bay,Bay,Bay,2002-02-19,South Korea,,Korea,1
Baybay,Baybay,baybay,1996-11-29,Taiwan,,LMS,1
BBD,Xiaguang,Xiaguang,1999-12-30,China,,China,1
Bdd,Bdd,Bdd,1999-03-01,South Korea,,Korea,1
Beast (Kim Joo-hyun),Beast (Kim Joo-hyun),Beast,1995-03-12,South Korea,,Korea,1
Becca (Son Min-woo),Pleata,Pleata,2003-03-28,South Korea,,Korea,1
Bei,X41007,X41007,,China,,China,
Beichuan,Beichuan,Beichuan,2001-07-21,China,,China,1
Ben,Ben,Ben,1995-04-24,South Korea,,Korea,1
Ben4,Ben4,Ben4,1998-01-01,China,,China,1
Bengi,Bengi,Bengi,1993-11-21,South Korea,,Korea,1
BeryL,BeryL,BeryL,1997-04-01,South Korea,,Korea,1
Betty,Betty,Betty,2000-01-16,Taiwan,,Asia Pacific,1
Beyond (Kim Kyu-seok),Beyond (Kim Kyu-seok),Beyond,1997-08-18,South Korea,,Korea,1
Bible,Bible,Bible,1999-11-24,South Korea,,Korea,1
Bin (Chen Ze-Bin),Bin (Chen Ze-Bin),Bin,2003-09-28,China,,China,1
Biubiu,Biubiu,Biubiu,1999-06-01,China,,China,1
Blackloli,Fireloli,Fireloli,1996-05-28,China,,China,1
Blanc (Jin Seong-min),Blanc (Jin Seong-min),Blanc,1995-06-03,South Korea,,Korea,1
Blank (Kang Sun-gu),Blank (Kang Sun-gu),Blank,1998-04-30,South Korea,,Korea,1
Bless (Choi Hyeon-woong),Bless (Choi Hyeon-woong),Bless,1996-10-23,South Korea,,Korea,1
Blessing,Dispel,dispel,2004-03-22,South Korea,,Korea,1
Blossom (Park Beom-chan),Blossom (Park Beom-chan),Blossom,1999-10-12,South Korea,,Korea,1
Bo,Bo,Bo,2002-03-02,China,,China,1
Bonnie,Bonnie,Bonnie,2001-03-14,South Korea,,Korea,1
Bono (Kim Gi-beom),Bon0,bon0,1995-02-27,South Korea,,Korea,1
BoriSal,Try,Try,1996-07-08,South Korea,,Korea,1
Brain,Banks,Banks,,China,,China,
Breathe,Breathe,Breathe,2001-02-19,China,,China,1
Bright,Bright,Bright,,China,,China,
Brook (Lee Jang-hoon),Hoon (Lee Jang-hoon),Hoon,1999-06-04,South Korea,,Korea,1
Bubbling,Bubbling,Bubbling,1993-04-13,South Korea,,Korea,1
Bull,Bull,Bull,2003-05-16,South Korea,,Korea,1
BuLLDoG (Lee Tae-young),BuLLDoG (Lee Tae-young),BuLLDoG,2005-04-15,South Korea,,Korea,1
Bunny,Bunny,Bunny,2002-01-19,China,,China,1
Burdol,Burdol,Burdol,2003-12-25,South Korea,,Korea,1
Bvoy,Bvoy,Bvoy,1997-12-18,South Korea,,Korea,1
CaD,CaD,CaD,2002-02-20,South Korea,,Korea,1
Calix (Syun Hyun-bin),Calix (Syun Hyun-bin),Calix,2007-03-22,South Korea,,Korea,1
Callme,Callme,Callme,2003-05-30,South Korea,,Korea,1
Candy (Tang Xin),Candyseven,Candyseven,1996-01-21,China,,China,1
Candyseven,Candyseven,Candyseven,1996-01-21,China,,China,1
Canna,Canna,Canna,2000-02-11,South Korea,,Korea,1
Canyon,Canyon,Canyon,2001-06-18,South Korea,,Korea,1
Captain (Luo Fei-Yang),Feikun,Feikun,1999-08-08,China,,China,1
Captain (Sun Yu-Ze),Captain (Sun Yu-Ze),Captain,,China,,China,
Captain57,Captain (Sun Yu-Ze),Captain,,China,,China,
Care,Care,Care,2004-02-28,China,,China,1
Carry (Wang Zu-Jing),Akira (Wang Zu-Jing),Akira,1993-09-13,China,,China,1
Casting,Casting,Casting,2003-10-30,South Korea,,Korea,1
CAsual,Dusk (Zhang Wen-Bo),Dusk,2000-03-25,China,,China,1
Cat (Wu Yao),Cat (Wu Yao),Cat,1995-08-11,China,,China,1
CaveMan,Duan,Duan,1996-02-25,China,,China,1
Celestial,694,694,1995-07-25,China,,China,1
Cepted,Cepted,Cepted,1997-08-26,South Korea,,Korea,1
Chance (Pei Piao),Chance (Pei Piao),Chance,1999-08-16,China,,China,1
Changhong,Changhong,Changhong,1997-01-25,China,,China,1
Chaser,Chaser,Chaser,1995-08-01,South Korea,,Korea,1
CJJ,CJJ,CJJ,1999-08-27,China,,China,1
COLD,COLD,COLD,1997-02-01,China,,China,1
Cool,Cool,Cool,1994-08-03,China,,China,1
Chei,Chei,Chei,1996-06-30,South Korea,,Korea,1
Chelizi,Chelizi,Chelizi,2000-03-28,China,,China,1
Chelly (Li Yu-Zhou),Chel1y,chel1y,1998-08-27,China,,China,1
Chen,Chen,Chen,,China,,China,
CheonGo,CheonGo,CheonGo,1999-03-10,South Korea,,Korea,1
Cheoni,Cheoni,Cheoni,2001-02-02,South Korea,,Korea,1
Chieftain,Chieftain,Chieftain,2000-11-16,South Korea,,Korea,1
Chovy,Chovy,Chovy,2001-03-03,South Korea,,Korea,1
City,QingSi,QingSi,,China,,China,
Clear (Song Hyeon-min),Clear (Song Hyeon-min),Clear,2002-12-19,South Korea,,Korea,1
Clearlove,Clearlove,Clearlove,1993-07-25,China,,China,1
Clearlove7,Clearlove,Clearlove,1993-07-25,China,,China,1
Clever,Clever,Clever,2000-12-02,South Korea,,Korea,1
Clever9,Clever9,Clever9,2000-10-19,China,,China,1
Clid,Clid,Clid,1999-07-07,South Korea,,Korea,1
Cloud (Hu Zhen-Wei),CL0UD,CL0UD,1994-07-29,China,,China,1
Clozer,Clozer,Clozer,2003-07-27,South Korea,,Korea,1
Coco,Coco,Coco,1994-03-14,South Korea,,Korea,1
Cola (Jiang Nan),Cola (Jiang Nan),Cola,1994-04-18,China,,China,1
Comeback (Ha Seung-chan),Hachani,Hachani,1994-12-24,South Korea,,Korea,1
Conan,Conan,Conan,1993-12-25,China,,China,1
Condi,Condi,Condi,1996-11-07,China,,China,1
CoreJJ,CoreJJ,CoreJJ,1994-06-22,South Korea,,North America,1
Corn (Lei Wen),Corn (Lei Wen),Corn,1997-03-04,China,,China,1
Cover,Cover,Cover,1999-05-29,South Korea,,Korea,1
Cpt Jack,Cpt Jack,Cpt Jack,1993-01-04,South Korea,,Korea,1
Crash,Crash,Crash,1997-01-05,South Korea,,Korea,1
Crazy (Kim Jae-hee),Crazy (Kim Jae-hee),Crazy,1996-09-20,South Korea,,Korea,1
Creme,Creme,Creme,2003-12-14,China,,China,1
Crisis,Crisis,Crisis,1997-06-20,China,,China,1
Crisp,Crisp,Crisp,1998-08-20,China,,China,1
Croco,Croco,Croco,2000-02-23,South Korea,,Korea,1
Crow (Kim Seon-gyu),Crow (Kim Seon-gyu),Crow,1998-03-21,South Korea,,Korea,1
Crown,Crown,Crown,1995-02-28,South Korea,,Korea,1
Crush,Crush,Crush,1998-01-03,South Korea,,Korea,1
Cry,Zet,Zet,1997-08-21,South Korea,,Korea,1
Cryin,Cryin,Cryin,2000-11-05,China,,China,1
Cube (Dai Yi),Cube (Dai Yi),Cube,2002-07-14,China,,China,1
Cult,Fearness,fearness,2002-03-18,China,,China,1
Curse (Chen Chen),Breathe,Breathe,2001-02-19,China,,China,1
CuVee,CuVee,CuVee,1996-09-27,South Korea,,Korea,1
Cuzz,Cuzz,Cuzz,1999-10-30,South Korea,,Korea,1
Dade,Dade,Dade,1994-11-08,South Korea,,Korea,1
DanDy,DanDy,DanDy,1994-01-03,South Korea,,Korea,1
Danger,Danger,Danger,,China,,China,
Dark (Yang Ju-Bao),Memory,Memory,1997-10-12,China,,China,1
Daylight,Daylight,Daylight,2000-05-02,China,,China,1
DDoiV,DDoiV,DDoiV,2003-10-21,South Korea,,Korea,1
Decade,Decade,Decade,,China,,China,
Deceit,Deceit,Deceit,1997-07-31,China,,China,1
Deft,Deft,Deft,1996-10-23,South Korea,,Korea,1
Delight,Delight,Delight,2002-09-12,South Korea,,Korea,1
Demon (Wu Yue-Wei),Demon (Wu Yue-Wei),Demon,2002-02-20,China,,China,1
Destroy (Yoon Jeong-min),Destroy (Yoon Jeong-min),Destroy,2000-05-08,South Korea,,Korea,1
DeuL,DeuL,DeuL,1994-09-25,South Korea,,Korea,1
DnDn,DnDn,DnDn,2003-05-18,South Korea,,Korea,1
Doggo,Doggo,Doggo,2003-01-14,Taiwan,,Asia Pacific,1
Doinb,Doinb,Doinb,1996-12-30,South Korea,,China,1
Doran (Choi Hyeon-joon),Doran (Choi Hyeon-joon),Doran,2000-07-22,South Korea,,Korea,1
Dove,Dove,Dove,1998-07-25,South Korea,,Korea,1
Dread (Lee Jin-hyeok),Dread (Lee Jin-hyeok),Dread,2000-06-07,South Korea,,Korea,1
Dream (Tan Wen-Xiang),Dream (Tan Wen-Xiang),Dream,2002-09-15,China,,China,1
DreamS (He Zhi-Hong),Zzz2,Zzz2,1997-04-19,China,,China,1
Drizzle,Drizzle,Drizzle,1994-10-14,South Korea,,Korea,1
Duan,Duan,Duan,1996-02-25,China,,China,1
DuDu (Lee Dong-ju),DuDu (Lee Dong-ju),DuDu,2001-03-08,South Korea,,Korea,1
Duke (Lee Ho-seong),Duke (Lee Ho-seong),Duke,1994-12-19,South Korea,,Korea,1
Duro,Duro,Duro,2002-02-04,South Korea,,Korea,1
Easyhoon,Easyhoon,Easyhoon,1992-11-23,South Korea,,Korea,1
Edge,Edge,Edge,1997-12-03,South Korea,,Korea,1
Effort,Effort,Effort,2000-11-23,South Korea,,Korea,1
Eimy,Eimy,eimy,1996-01-08,China,,China,1
Elk,Elk,Elk,2001-09-29,China,,China,1
Ella,Ella,Ella,1995-02-05,South Korea,,Korea,1
Ellim,Ellim,Ellim,2000-05-25,South Korea,,Korea,1
Emperor (Kim Jin-hyun),Emperor (Kim Jin-hyun),Emperor,1993-06-07,South Korea,,Korea,1
Endless (Xu Hao),Endless (Xu Hao),Endless,1998-01-20,China,,China,1
Envyy,Envyy,Envyy,2000-04-07,South Korea,,Korea,1
Eric (He Qiang),Eric (He Qiang),Eric,2001-06-15,China,,China,1
Execute,Execute,Execute,2000-02-22,South Korea,,Korea,1
Expession,Expession,Expession,1992-09-16,South Korea,,Korea,1
Fage,Fage,Fage,,China,,China,
Faker,Faker,Faker,1996-05-07,South Korea,,Korea,1
Fan (Liu Yi-Fan),Fan (Liu Yi-Fan),Fan,,China,,China,
FATE (Yoo Su-hyeok),FATE (Yoo Su-hyeok),FATE,2000-08-22,South Korea,,Korea,1
Fdy,Fdy,Fdy,1999-07-08,China,,China,1
Feather,Feather,Feather,2003-08-01,China,,China,1
Feisty,Feisty,Feisty,2003-12-19,South Korea,,Korea,1
Fenfen,Fenfen,Fenfen,1998-08-29,China,,China,1
FIESTA (An Hyeon-seo),FIESTA (An Hyeon-seo),FIESTA,2003-05-04,South Korea,,Korea,1
Fireloli,Fireloli,Fireloli,1996-05-28,China,,China,1
FireRain,FireRain,FireRain,1998-10-30,South Korea,,Korea,1
Firetrap,Part,Part,1995-02-12,South Korea,,Korea,1
Fishball,Fishball,fishball,1996-12-17,China,,China,1
Fisher (Lee Jeong-tae),Fisher (Lee Jeong-tae),Fisher,2004-07-05,South Korea,,Korea,1
Five,COLD,COLD,1997-02-01,China,,China,1
Flame,Flame,Flame,1992-08-13,South Korea,,Korea,1
Flandre,Flandre,Flandre,1998-08-28,China,,China,1
Flawless,Flawless,Flawless,1998-07-26,South Korea,,Korea,1
Flora,Flora,Flora,1999-12-26,China,,China,1
Fly (Song Yong-jun),Fly (Song Yong-jun),Fly,1996-02-25,South Korea,,Korea,1
FoFo,FoFo,FoFo,1999-01-08,Taiwan,,Asia Pacific,1
Forge,Forge,Forge,2000-09-01,China,,China,1
Frog (Lee Min-hoi),Frog (Lee Min-hoi),Frog,2005-06-30,South Korea,,Korea,1
Frozen (Kim Tae-il),Frozen (Kim Tae-il),Frozen,1994-11-04,South Korea,,Korea,1
Funny,Funny,Funny,1998-09-16,China,,China,1
Fury (Lee Jin-yong),Fury (Lee Jin-yong),Fury,1995-11-11,South Korea,,Korea,1
GALA,GALA,GALA,2001-02-14,China,,China,1
Gamin,Gamin,Gamin,2003-12-05,South Korea,,Korea,1
Gango,Gango,Gango,1997-05-16,South Korea,,Korea,1
Garvey,Garvey,Garvey,2002-01-20,China,,China,1
Geju,Geju,Geju,,China,,China,
GENTLE,GENTLE,GENTLE,1999-03-12,China,,China,1
Ggoong,Ggoong,Ggoong,1993-06-26,South Korea,,Korea,1
Ghost (Jang Yong-jun),Ghost (Jang Yong-jun),Ghost,1999-03-18,South Korea,,Korea,1
GIDEON,GIDEON,GIDEON,2003-08-14,South Korea,,Korea,1
GodV (Wei Zhen),GodV (Wei Zhen),GodV,1997-07-16,China,,China,1
GimGoon,GimGoon,GimGoon,1995-12-31,South Korea,,Korea,1
GodLike,GodLike,GodLike,1993-05-12,China,,China,1
Gogoing,Gogoing,Gogoing,1991-10-02,China,,China,1
Gori,Gori,Gori,2000-08-09,South Korea,,Korea,1
GorillA,GorillA,GorillA,1994-11-18,South Korea,,Korea,1
Grace,Yaharong,Yaharong,2000-06-12,South Korea,,Korea,1
Grizzly,Grizzly,Grizzly,2005-05-25,South Korea,,Korea,1
GuGer,GuGer,GuGer,1994-02-07,South Korea,,Korea,1
Gumayusi,Gumayusi,Gumayusi,2002-02-06,South Korea,,Korea,1
Guoguo,Guoguo,Guoguo,1999-05-24,China,,China,1
Guwon,Guwon,Guwon,2003-12-19,South Korea,,Korea,1
Gyu,GYX,GYX,,China,,China,
H4cker,H4cker,H4cker,1999-01-15,China,,China,1
Hachani,Hachani,Hachani,1994-12-24,South Korea,,Korea,1
HamBak,HamBak,HamBak,2002-08-28,South Korea,,Korea,1
Hang,Hang,Hang,2003-02-05,China,,China,1
HanXuan,HanXuan,HanXuan,1997-04-23,China,,China,1
Happy,Happy,Happy,1994-05-11,China,,China,1
HappyY,Happy,Happy,1994-05-11,China,,China,1
Harder,Harder,Harder,2003-06-06,China,,China,1
Haro,Haro,Haro,1998-07-21,China,,China,1
Harp,Harp,Harp,2001-06-03,South Korea,,Korea,1
Haru,Haru,Haru,1998-06-03,South Korea,,Korea,1
Heart,Heart,Heart,1988-12-13,South Korea,,Korea,1
Helper (Kwon Yeong-jae),Helper (Kwon Yeong-jae),Helper,1995-03-24,South Korea,,Korea,1
Helper (Wang Huan-Wei),Helper (Wang Huan-Wei),Helper,,China,,China,
Hena,Hena,Hena,1999-10-08,South Korea,,Korea,1
Heng,Heng,Heng,2001-07-16,China,,China,1
Hery,Hery,Hery,2001-09-29,China,,China,1
Hetong,Hetong,Hetong,1993-12-21,China,,China,1
Hipo,Hipo,Hipo,1998-02-02,South Korea,,Korea,1
Hoit,Hoit,Hoit,1999-07-06,South Korea,,Korea,1
Holder,Holder,Holder,1998-06-25,South Korea,,Korea,1
Hope (Wang Jie),Hope (Wang Jie),Hope,2000-09-29,China,,China,1
Howling,Howling,Howling,2003-09-17,South Korea,,Korea,1
HOYA,HOYA,HOYA,2000-08-25,South Korea,,Korea,1
Huanggai,Huanggai,Huanggai,1995-07-17,China,,China,1
Huatian,MaiX,MaiX,1999-07-02,China,,China,1
Hudie,Hudie,Hudie,1994-08-24,China,,China,1
Huni,Huni,Huni,1997-12-25,South Korea,,North America,1
HwQ,HwQ,HwQ,,China,,China,
HyBriD (Lee Woo-jin),HyBriD (Lee Woo-jin),HyBriD,1999-11-27,South Korea,,Korea,1
Hype (Byeon Jeong-hyeon),Hype (Byeon Jeong-hyeon),Hype,2003-09-09,South Korea,,Korea,1
HYY,HYY,HYY,,China,,China,
Ian,Ian,Ian,1998-01-22,South Korea,,Korea,1
Ice (Yoon Sang-hoon),Ice (Yoon Sang-hoon),Ice,2001-04-09,South Korea,,Korea,1
Iceloli,Fireloli,Fireloli,1996-05-28,China,,China,1
ICON,ICON,ICON,1996-05-22,China,,China,1
Ignar,Ignar,Ignar,1996-11-20,South Korea,,Korea,1
Imp,Imp,imp,1995-06-07,South Korea,,Korea,1
InSec,InSec,inSec,1993-06-29,South Korea,,Korea,1
Insulator,Insulator,Insulator,2000-12-23,China,,China,1
Intruder,1ntruder,1ntruder,1994-08-14,China,,China,1
Invincible,Invincible,Invincible,2001-01-30,China,,China,1
Irove,Sanghyeon,sanghyeon,2001-12-17,South Korea,,Korea,1
Ivory,Ivory,Ivory,2003-10-12,South Korea,,Korea,1
Iwandy,Iwandy,Iwandy,2000-08-27,China,,China,1
JackeyLove,JackeyLove,JackeyLove,2000-11-18,China,,China,1
Jay (Chen Bo),Jay (Chen Bo),Jay,1999-08-12,China,,China,1
Jelly (Son Ho-gyeong),Jelly (Son Ho-gyeong),Jelly,1997-10-18,South Korea,,Korea,1
Jerry (Zhou Ke-Xue),Jerry (Zhou Ke-Xue),Jerry,2001-01-24,China,,China,1
Jett,Jett,Jett,2001-07-23,South Korea,,Korea,1
Jiangqiao,Gloria,Gloria,1998-01-12,China,,China,1
Jiaoyang,Jiaoyang,Jiaoyang,1996-01-08,China,,China,1
Jiejie,Jiejie,Jiejie,2001-10-27,China,,China,1
Jiekou,Jiekou,Jiekou,1997-09-04,China,,China,1
JieZou,JieZou,JieZou,,China,,China,
JingYi,JingYi,JingYi,,China,,China,
Jinjao,Jinjiao,Jinjiao,1998-04-15,China,,China,1
Jinjiao,Jinjiao,Jinjiao,1998-04-15,China,,China,1
Jinoo,Jinoo,Jinoo,1995-01-23,South Korea,,Korea,1
JiuMeng,Elk,Elk,2001-09-29,China,,China,1
Jiwoo,Jiwoo,Jiwoo,2004-03-20,South Korea,,Korea,1
Joker (Cho Jae-eup),Joker (Cho Jae-eup),Joker,1991-12-11,South Korea,,Korea,1
Juejue,Juejue,Juejue,1998-09-12,China,,China,1
JugGod,Youxin,Youxin,,China,,China,
Juhan,Juhan,Juhan,2001-08-31,South Korea,,Korea,1
Juice,Juice,Juice,2006-01-08,China,,China,1
Jun (Yoon Se-jun),Jun (Yoon Se-jun),Jun,2000-08-02,South Korea,,Korea,1
JunJia,JunJia,JunJia,2002-06-10,Taiwan,,Asia Pacific,1
Justice,Justice,Justice,1998-01-04,South Korea,,Korea,1
Jwei,Jwei,Jwei,2003-01-05,China,,China,1
Kabbie,Sanghyeon,sanghyeon,2001-12-17,South Korea,,Korea,1
Kabe,Kabe,Kabe,1994-10-12,Hong Kong,,China,1
Kael (Kim Jin-hong),Kael (Kim Jin-hong),Kael,2004-02-11,South Korea,,Korea,1
KaKAO,KaKAO,KaKAO,1995-12-07,South Korea,,Korea,1
Kanavi,Kanavi,Kanavi,2000-11-02,South Korea,,Korea,1
Kane (Chen Hao),Kane (Chen Hao),Kane,1998-06-26,China,,China,1
Karin,Karin,Karin,1995-01-29,South Korea,,Korea,1
Karis,Karis,Karis,2003-05-21,South Korea,,Korea,1
Karsa,Karsa,Karsa,1997-02-14,Taiwan,,Asia Pacific,1
Ke,Ke,Ke,1998-11-28,China,,China,1
Kedaya,Kedaya,Kedaya,2001-05-04,China,,China,1
Keine,Keine,Keine,1999-11-08,South Korea,,Korea,1
Kellin,Kellin,Kellin,2001-02-01,South Korea,,Korea,1
Kepler,Kepler,Kepler,2002-09-28,China,,China,1
Keria,Keria,Keria,2002-10-14,South Korea,,Korea,1
Key,Key,Key,1997-06-20,South Korea,,Korea,1
Khan,Khan,Khan,1995-12-22,South Korea,,Korea,1
Kid,Kid,Kid,1997-08-23,China,,China,1
KidKid,Kid,Kid,1997-08-23,China,,China,1
Kiin,Kiin,Kiin,1999-05-28,South Korea,,Korea,1
Killua,Killua,Killua,1996-09-07,China,,China,1
Kine,Iiann,iiann,2000-08-06,China,,China,1
Kingen,Kingen,Kingen,2000-03-11,South Korea,,Korea,1
Kitties,Kitties,Kitties,1992-09-03,China,,China,1
Kiwi,Kiwi,Kiwi,1997-07-26,China,,China,1
Knight (Zhuo Ding),Knight (Zhuo Ding),Knight,2000-05-22,China,,China,1
Knight9,Knight (Zhuo Ding),Knight,2000-05-22,China,,China,1
Kongming,Grim,Grim,1998-01-18,China,,China,1
Koro1,Korol,Korol,1994-05-02,China,,China,1
Korol,Korol,Korol,1994-05-02,China,,China,1
Kramer,Kramer,Kramer,1996-03-09,South Korea,,Korea,1
Kui,Kui,Kui,2001-07-01,China,,China,1
Kuma (Park Hyeon-gyu),Kuma (Park Hyeon-gyu),Kuma,2000-11-14,South Korea,,Korea,1
Kuri,Kuri,Kuri,2000-08-08,South Korea,,Brazil,1
Kuro,Kuro,Kuro,1994-01-04,South Korea,,Korea,1
Kuzan,Kuzan,Kuzan,1997-01-07,South Korea,,Korea,1
Kyeahoo,Kyeahoo,kyeahoo,2005-08-13,South Korea,,Korea,1
Langx,Langx,Langx,1997-09-19,China,,China,1
Lava,Lava,Lava,1999-07-14,South Korea,,Korea,1
Lazarus,Reven (Seong Sang-hyeon),Reven,1994-12-15,South Korea,,Korea,1
Leaper,Leaper,Leaper,2000-05-18,South Korea,,Korea,1
Leave,Leave,Leave,2002-09-29,China,,China,1
Lehends,Lehends,Lehends,1998-12-24,South Korea,,Korea,1
Lele (Dang Bo-Lin),Lele (Dang Bo-Lin),Lele,2000-07-11,China,,China,1
Leo (Dai Cheng),Leo (Dai Cheng),Leo,,China,,China,
Leo (Han Gyeo-re),Leo (Han Gyeo-re),Leo,2000-01-12,South Korea,,Korea,1
Letme,Letme,Letme,1996-05-18,China,,China,1
Levi,Levi,Levi,1997-11-18,Vietnam,,Asia Pacific,1
Ley,Ley,Ley,1997-06-15,China,,China,1
Leyan,Leyan,Leyan,2002-07-07,China,,China,1
Leyn,Ley,Ley,1997-06-15,China,,China,1
Lies (Guo Hao-Tian),Lies (Guo Hao-Tian),Lies,1997-12-28,China,,China,1
Life,Life,Life,2000-07-07,South Korea,,Korea,1
Light (Wang Guang-Yu),Light (Wang Guang-Yu),Light,2001-02-21,China,,China,1
Lindarang,Lindarang,Lindarang,1997-08-25,South Korea,,Korea,1
Linfeng,Linfeng,Linfeng,2005-02-09,China,,China,1
Lira,Lira,Lira,1995-01-15,South Korea,,Korea,1
Listo,Listo,Listo,2005-03-09,South Korea,,Korea,1
LokeN,LokeN,LokeN,1998-02-14,South Korea,,Korea,1
Lonely (Han Gyu-joon),Lonely (Han Gyu-joon),Lonely,2000-08-29,South Korea,,Korea,1
Loong,Loong,Loong,1995-11-01,China,,China,1
Looper,Looper,Looper,1993-02-28,South Korea,,Korea,1
Loopy,Loopy,Loopy,2004-06-09,South Korea,,Korea,1
Lospa,Lospa,Lospa,2002-09-30,South Korea,,Korea,1
LoveCD,LoveCD,LoveCD,1990-01-20,China,,China,1
LoveLing,LoveLing,LoveLing,1993-05-01,China,,China,1
LoveZrr,LoveZrr,LoveZrr,,China,,China,
LP,LP,LP,2002-08-04,China,,China,1
Lpc,Lpc,Lpc,2001-06-20,China,,China,1
Lucas (Li Tan-Pan-Ao),XinLiu,XinLiu,2001-07-27,China,,China,1
Lucid (Choi Yong-hyeok),Lucid (Choi Yong-hyeok),Lucid,2005-01-28,South Korea,,Korea,1
Luo (Luo Ci-Rui),Luo (Luo Ci-Rui),Luo,1994-07-31,China,,China,1
Luo (Yin Peng),Luo (Yin Peng),Luo,,China,,China,
LvMao,LvMao,LvMao,1996-03-07,China,,China,1
Lwx,Lwx,Lwx,1998-10-24,China,,China,1
Lz (Li Zhen),Lz (Li Zhen),Lz,1998-08-03,China,,China,1
Lzq,Lzq,Lzq,2004-08-23,China,,China,1
M1anhua,M1anhua,M1anhua,1999-11-05,China,,China,1
M1kuya,Hulatang,hulatang,2000-10-06,China,,China,1
MadLife,MadLife,MadLife,1992-10-05,South Korea,,Korea,1
Maestr0,Maestro (Hu Jian-Xin),Maestro,1998-04-24,China,,China,1
Maestro (Hu Jian-Xin),Maestro (Hu Jian-Xin),Maestro,1998-04-24,China,,China,1
Magic (Zhou Jun-Xuan),Magic (Zhou Jun-Xuan),Magic,1996-11-28,China,,China,1
MaHa,MaHa,MaHa,1995-11-07,South Korea,,Korea,1
Maidong,Kylin,Kylin,1990-12-22,China,,China,1
Mala,DanChung,DanChung,1996-01-25,South Korea,,Korea,1
Malrang,Malrang,Malrang,2000-02-09,South Korea,,Korea,1
Maple (Huang Yi-Tang),Maple (Huang Yi-Tang),Maple,1997-10-10,Taiwan,,Asia Pacific,1
MapSSi,MapSSi,MapSSi,2001-03-14,South Korea,,Korea,1
March,Deemo,Deemo,1995-03-15,China,,China,1
Marge,Marge,Marge,1997-06-11,China,,China,1
MaRin,MaRin,MaRin,1991-02-12,South Korea,,Korea,1
Mark (Ling Xu),Mark (Ling Xu),Mark,1999-05-20,China,,China,1
Martin (Tan Qi),Martin (Tan Qi),Martin,1997-07-12,China,,China,1
Mata,Mata,Mata,1994-02-27,South Korea,,Korea,1
Max (Jeong Jong-bin),Max (Jeong Jong-bin),Max,1996-05-30,South Korea,,Korea,1
Max (Li Xiao-Qiang),Poge,poge,,China,,China,
Megan,Baolan,Baolan,1999-07-16,China,,China,1
Meiko,Meiko,Meiko,1998-06-06,China,,China,1
Melody (Liu Yi-Fan),Melody (Liu Yi-Fan),melody,1999-07-29,China,,China,1
Melon (Zhong Wang),Melon (Zhong Wang),Melon,1995-10-26,China,,China,1
Memory,Memory,Memory,1997-10-12,China,,China,1
Meow,New,New,1998-09-01,China,,China,1
Meteor,Meteor,Meteor,1999-12-26,China,,China,1
Metoer,Meteor,Meteor,1999-12-26,China,,China,1
Mia,Mia,Mia,1998-11-03,South Korea,,Korea,1
Miaoniu,Miaoniu,Miaoniu,2001-05-20,China,,China,1
Michi,Michi,Michi,,China,,China,
Mickey (Son Young-min),Mickey (Son Young-min),Mickey,1997-07-15,South Korea,,Korea,1
Mightybear,Mightybear,Mightybear,1995-09-06,South Korea,,Korea,1
Mihile,Mihile,Mihile,2003-03-01,South Korea,,Korea,1
Ming (Shi Sen-Ming),Ming (Shi Sen-Ming),Ming,1998-12-22,China,,China,1
Minn,Humble (Huang Min-Min),Humble,1997-12-17,China,,China,1
Mint,Mint,Mint,1998-10-29,China,,China,1
Mireu,Mireu,Mireu,2001-09-20,South Korea,,Korea,1
MISSING,MISSING,MISSING,2001-05-26,China,,China,1
Mitsuki,Mitsuki,Mitsuki,2000-01-18,China,,China,1
Mitty,Fireloli,Fireloli,1996-05-28,China,,China,1
Mlxg,Mlxg,Mlxg,1996-05-01,China,,China,1
Mni,Mni,Mni,1994-03-14,China,,China,1
Mo,Mo,Mo,,China,,China,
Moham,Moham,Moham,2002-08-08,South Korea,,Korea,1
Mole,Mole,Mole,2000-09-10,China,,China,1
MONG,Alphamong,Alphamong,1998-10-24,South Korea,,Korea,1
Monki,Monki,Monki,2004-02-16,China,,China,1
MooJin,MooJin,MooJin,1998-04-09,South Korea,,Korea,1
Moon (Gu Yue-Ze-Yu),Moon (Gu Yue-Ze-Yu),Moon,,China,,China,
Mor,Mor,Mor,1993-01-18,China,,China,1
Morgan,Morgan,Morgan,2001-09-26,South Korea,,Korea,1
Mortred,Mortred,mortred,,China,,China,
MorZB,Mor,Mor,1993-01-18,China,,China,1
Motive,Motive,Motive,2001-01-08,South Korea,,Korea,1
Mountain (Xue Zhao-Hong),Mountain (Xue Zhao-Hong),Mountain,1995-02-22,Taiwan,,Asia Pacific,1
Mouse,Mouse,Mouse,1996-10-08,China,,China,1
Mowgli,Mowgli,Mowgli,1998-04-14,South Korea,,Korea,1
Moyan,Moyan,Moyan,2002-08-02,China,,China,1
Moyu,Moyu,Moyu,1997-08-23,China,,China,1
Mystic,Mystic,Mystic,1995-01-08,South Korea,,Korea,1
Naehyun,Naehyun,Naehyun,1996-02-07,South Korea,,Korea,1
NaMei,NaMei,NaMei,1993-05-04,China,,China,1
Nanzhu,Nanzhu,nanzhu,1998-01-23,China,,China,1
Natural,Ale,Ale,2001-07-23,China,,China,1
Natz,Natz,Natz,1996-02-12,South Korea,,Korea,1
New,New,New,1998-09-01,China,,China,1
Newt,Newt,Newt,1998-05-25,South Korea,,Korea,1
Niket,Niket,Niket,2003-11-26,China,,China,1
Ning,Ning,Ning,1998-03-12,China,,China,1
Ninja,Ninja,Ninja,,South Korea,,Korea,
Noah (Oh Hyeon-taek),Noah (Oh Hyeon-taek),Noah,2001-10-04,South Korea,,Korea,1
North (Zhang Yu-Ze),X41007,X41007,,China,,China,
Nova (Park Chan-ho),Nova (Park Chan-ho),Nova,1997-11-27,South Korea,,Korea,1
Nuclear,Nuclear,Nuclear,1997-05-19,South Korea,,Korea,1
Nuguri,Nuguri,Nuguri,1999-07-17,South Korea,,Korea,1
Ocean (Tang Hai-Qin),Papillon,papillon,,China,,China,
Ohq,Ohq,Ohq,1996-09-05,South Korea,,Korea,1
ON,ON,ON,2003-05-12,China,,China,1
Oner,Oner,Oner,2002-12-24,South Korea,,Korea,1
OnFleek,OnFleek,OnFleek,1997-12-20,South Korea,,Korea,1
Onion,Jotaro,Jotaro,1999-06-17,China,,China,1
Ophelia,Ophelia,Ophelia,2003-02-05,South Korea,,Korea,1
OTTO (Hou Guo-Yu),OTTO (Hou Guo-Yu),OTTO,1996-03-08,China,,China,1
Paduck,Paduck,Paduck,2005-02-12,South Korea,,Korea,1
PandaC,PandaC,PandaC,,China,,China,
Part,Part,Part,1995-02-12,South Korea,,Korea,1
Patch (Han Seung-min),Patch (Han Seung-min),Patch,2001-09-22,South Korea,,Korea,1
PawN,PawN,PawN,1997-01-26,South Korea,,Korea,1
Peach,Peach,Peach,2000-03-28,South Korea,,Korea,1
Peanut,Peanut,Peanut,1998-02-03,South Korea,,Korea,1
Peco (Yu Rui),Happy,Happy,1994-05-11,China,,China,1
Peng (Peng Yi-Bo),Peng (Peng Yi-Bo),Peng,1995-11-25,China,,China,1
Penguin (Zhao Shuai),Penguin (Zhao Shuai),Penguin,1997-07-07,China,,China,1
PentaQ,PentaQ,PentaQ,1995-10-11,China,,China,1
Pepper (Hu Zhi-Wei),Y1han,Y1han,1999-07-02,China,,China,1
PerfecT (Lee Seung-min),PerfecT (Lee Seung-min),PerfecT,2004-05-17,South Korea,,Korea,1
Peter (Jeong Yoon-su),Peter (Jeong Yoon-su),Peter,2003-04-28,South Korea,,Korea,1
Peyz,Peyz,Peyz,2005-12-05,South Korea,,Korea,1
Photic,Photic,Photic,2002-10-11,China,,China,1
Pilot (Na Woo-hyung),Pilot (Na Woo-hyung),Pilot,1995-12-04,South Korea,,Korea,1
Pinus,Crisp,Crisp,1998-08-20,China,,China,1
Pirean,Pirean,Pirean,1998-04-09,South Korea,,Korea,1
Pleata,Pleata,Pleata,2003-03-28,South Korea,,Korea,1
Plex (Bae Ho-young),Jett,Jett,2001-07-23,South Korea,,Korea,1
Poby,Poby,Poby,2006-02-07,South Korea,,Korea,1
Pokemon,Maizijian,Maizijian,1991-05-15,China,,China,1
Pollu,Pollu,Pollu,2006-01-07,South Korea,,Korea,1
Poss,Poss,Poss,1998-05-02,South Korea,,Korea,1
POUT,POUT,Pout,2003-10-03,South Korea,,Korea,1
PraY,PraY,PraY,1994-01-06,South Korea,,Korea,1
Prince (Lee Chae-hwan),Prince (Lee Chae-hwan),Prince,2000-04-05,South Korea,,Korea,1
Profit,Profit,Profit,1995-09-15,South Korea,,Korea,1
Proud,Proud,Proud,1998-10-26,South Korea,,Korea,1
Prove (Son Min-hyeong),Prove (Son Min-hyeong),Prove,2002-04-13,South Korea,,Korea,1
Pudding (Bi Hao-Tian),Yaoyao,yaoyao,2001-07-20,China,,China,1
Puff (Ding Wang),Puff (Ding Wang),Puff,1999-02-07,China,,China,1
Pullbae,Pullbae,Pullbae,2004-08-28,South Korea,,Korea,1
Punch,Punch,Punch,1998-06-06,South Korea,,Korea,1
Punished,Funny,Funny,1998-09-16,China,,China,1
Pure,Pure,Pure,1995-12-29,South Korea,,Korea,1
Pyl (Chen Bo),Pyl (Chen Bo),pyl,1994-11-06,China,,China,1
Pyosik,Pyosik,Pyosik,2000-03-12,South Korea,,Korea,1
Qing,Qing,Qing,2002-02-28,China,,China,1
Qingtian,Qingtian,Qingtian,2002-04-15,China,,China,1
QiuQiu (Zhang Ming),QiuQiu (Zhang Ming),QiuQiu,1998-04-17,China,,China,1
Quad,Quad,Quad,2002-08-25,South Korea,,Korea,1
Quan,Tbq,tbq,1996-08-27,China,,China,1
Quantum (Son Jeong-hwan),Quantum (Son Jeong-hwan),Quantum,2004-08-20,South Korea,,Korea,1
Quid,Quid,Quid,2004-04-27,South Korea,,Korea,1
Rabbit97,Zzz2,Zzz2,1997-04-19,China,,China,1
Rahel,Rahel,Rahel,2004-02-13,South Korea,,Korea,1
Rain (An Hyeon-guk),Rain (An Hyeon-guk),Rain,1996-08-30,South Korea,,Korea,1
Raise,Raise,Raise,1997-10-18,South Korea,,Korea,1
Raphael (Ko Jae-hyun),Raphael (Ko Jae-hyun),Raphael,,South Korea,,Korea,
Raptor (Jeon Eo-jin),Raptor (Jeon Eo-jin),Raptor,2004-11-15,South Korea,,Korea,1
Rascal,Rascal,Rascal,1997-10-16,South Korea,,Korea,1
Rather,Rather,Rather,1996-11-26,South Korea,,Korea,1
Ray,Ray,Ray,1998-03-15,South Korea,,Korea,1
RD,RD,RD,1993-10-19,Taiwan,,Asia Pacific,1
ReGank,ReGank,ReGank,1996-10-09,South Korea,,Korea,1
Reheal,Fate (Peng Jun-Jie),fate,1999-02-13,China,,China,1
RepubliC,Grail,Grail,1996-08-16,South Korea,,Korea,1
Rich (Lee Jae-won),Rich (Lee Jae-won),Rich,1998-02-16,South Korea,,Korea,1
Rio,Rio,Rio,,China,,China,
Rise (Zhang Sheng),Rise (Zhang Sheng),Rise,2002-06-11,China,,China,1
Roach,Roach,Roach,1999-01-31,South Korea,,Korea,1
Road (Yun Han-gil),Road (Yun Han-gil),Road,1995-09-30,South Korea,,Korea,1
Romantic,Romantic,Romantic,1993-08-03,China,,China,1
Rookie,Rookie,Rookie,1997-03-11,South Korea,,China,1
Route,Route,Route,1999-01-05,South Korea,,Korea,1
Ruby (Lee Sol-min),Ruby (Lee Sol-min),Ruby,1998-08-11,South Korea,,Korea,1
Ruler,Ruler,Ruler,1998-12-29,South Korea,,Korea,1
Ruo (Teng Yang-Tian-Xia),Ruo (Teng Yang-Tian-Xia),Ruo,1993-12-12,China,,China,1
Rush,Rush,Rush,1993-04-06,South Korea,,Korea,1
S1mlz,Smlz,Smlz,1997-09-24,China,,China,1
S4ve,Save,Save,1993-07-06,South Korea,,Korea,1
SamD,SamD,SamD,2001-03-14,South Korea,,Korea,1
Samver,Samver,Samver,2001-11-07,South Korea,,Korea,1
Sangyoon,Sangyoon,Sangyoon,1995-12-20,South Korea,,Korea,1
SaSin,SaSin,SaSin,1994-02-03,South Korea,,Korea,1
Sask,Sask,sask,1995-09-29,China,,China,1
Save,Save,Save,1993-07-06,South Korea,,Korea,1
Savoki,Savoki,Savoki,,China,,China,
Scenery,Juejue,Juejue,1998-09-12,China,,China,1
Score,Score,Score,1992-07-08,South Korea,,Korea,1
Scout,Scout,Scout,1998-03-14,South Korea,,China,1
Secret (Park Ki-sun),Secret (Park Ki-sun),Secret,1997-05-27,South Korea,,Korea,1
Seize,Seize,Seize,2000-12-07,South Korea,,Korea,1
Senan,Test Sup,Test Sup,2001-09-18,South Korea,,Korea,1
Seonbi (Koo Kwan-mo),Guwon,Guwon,2003-12-19,South Korea,,Korea,1
SeongHwan,SeongHwan,SeongHwan,1997-12-11,South Korea,,Korea,1
SeTab,SeTab,SeTab,2004-10-13,South Korea,,Korea,1
Shanks,Shanks,Shanks,2001-05-13,China,,China,1
Shaoye,Shaoye,Shaoye,2001-09-14,China,,China,1
Shenyi,Shenyi,Shenyi,2002-05-21,China,,China,1
ShiauC,ShiauC,ShiauC,1999-07-12,Taiwan,,Asia Pacific,1
ShowMaker,ShowMaker,ShowMaker,2000-07-22,South Korea,,Korea,1
Shy,Shy,Shy,1991-07-19,South Korea,,Korea,1
SinkDream,SinkDream,SinkDream,,China,,China,
Skatch,Gango,Gango,1997-05-16,South Korea,,Korea,1
Sks,Wisdomz,Wisdomz,1998-04-19,China,,China,1
Sky (Kim Ha-neul),Sky (Kim Ha-neul),Sky,1998-07-17,South Korea,,Korea,1
SOLKA,Quad,Quad,2002-08-25,South Korea,,Korea,1
SS (Seo Jin-sol),Ssol,Ssol,1998-03-04,South Korea,,Korea,1
Ssol,Ssol,Ssol,1998-03-04,South Korea,,Korea,1
SSUN (Kim Tae-yang),SSUN (Kim Tae-yang),SSUN,1997-11-20,South Korea,,Korea,1
Skye,Skye,Skye,,China,,China,
Smeb,Smeb,Smeb,1995-06-30,South Korea,,Korea,1
Smlz,Smlz,Smlz,1997-09-24,China,,China,1
Snoopy (Yang Yeo-myeong),Snoopy (Yang Yeo-myeong),Snoopy,1996-04-14,South Korea,,Korea,1
Snow (Wu Hao-Shun),Snow (Wu Hao-Shun),Snow,1999-01-10,China,,China,1
SnowFlower,SnowFlower,SnowFlower,1997-02-24,South Korea,,Korea,1
SoaR,SoaR,SoaR,1997-05-28,South Korea,,Korea,1
Soboro,Soboro,Soboro,2004-01-10,South Korea,,Korea,1
SofM,SofM,SofM,1998-02-05,Vietnam,,Asia Pacific,1
SoHwan,SoHwan,SoHwan,1996-10-24,South Korea,,Korea,1
Solokill,Solokill,Solokill,2001-10-13,Hong Kong,,Asia Pacific,1
Sora (Liu Zhi-Long),Sora (Liu Zhi-Long),Sora,1998-02-23,China,,China,1
Soul (Seo Hyeon-seok),Soul (Seo Hyeon-seok),Soul,1994-11-16,South Korea,,Korea,1
Soul (Zhou Feng),Soul (Zhou Feng),Soul,1996-11-05,China,,China,1
Soulmate,Soul (Zhou Feng),Soul,1996-11-05,China,,China,1
Southwind,Southwind,Southwind,1996-07-23,China,,China,1
Spirit,Spirit,Spirit,1996-07-01,South Korea,,Korea,1
Sponge,Sponge,Sponge,2004-07-25,South Korea,,Korea,1
Ssumday,Ssumday,Ssumday,1996-07-03,South Korea,,North America,1
Starlight,Starlight,Starlight,1996-09-27,China,,China,1
Starry,Starry,Starry,2004-10-14,China,,China,1
Stay (Guo Yi-Yang),Stay (Guo Yi-Yang),Stay,2003-01-19,China,,China,1
Stitch,Stitch,Stitch,1996-11-02,South Korea,,Korea,1
Strive,Strive,Strive,2002-08-28,China,,China,1
Styz,Styz,Styz,1995-04-25,China,,China,1
Summit,Summit,Summit,1998-12-08,South Korea,,Korea,1
Sw0rd,Sw0rd,Sw0rd,1997-06-16,South Korea,,Korea,1
Sweet (Lee Eun-teak),Sweet (Lee Eun-teak),Sweet,1995-07-11,South Korea,,Korea,1
Swift,Swift,Swift,1996-05-29,South Korea,,Korea,1
Sword (Choi Sung-won),Sw0rd,Sw0rd,1997-06-16,South Korea,,Korea,1
SwordArt,SwordArt,SwordArt,1996-12-21,Taiwan,,Asia Pacific,1
Sylvie,Sylvie,Sylvie,2002-12-04,South Korea,,Korea,1
Tabe,Tabe,Tabe,1991-01-18,Hong Kong,,China,1
Taeyoon (Kim Tae-yoon),Taeyoon (Kim Tae-yoon),Taeyoon,2002-06-02,South Korea,,Korea,1
Tale,Tale,tale,,China,,China,
TaNa,TaNa,TaNa,1999-12-11,South Korea,,Korea,1
Tangyuan,Tangyuan,Tangyuan,2004-01-30,China,,China,1
Tank,Tank,Tank,1995-11-18,South Korea,,Korea,1
Tarzan (Lee Seung-yong),Tarzan (Lee Seung-yong),Tarzan,1999-08-23,South Korea,,Korea,1
Tbq,Tbq,tbq,1996-08-27,China,,China,1
TcT,Mor,Mor,1993-01-18,China,,China,1
Teacherma,Teacherma,Teacherma,1999-06-19,China,,China,1
Teddy,Teddy,Teddy,1998-03-15,South Korea,,Korea,1
Teeen,Teeen,Teeen,2001-07-19,China,,China,1
Tempt,Tempt,Tempt,1998-05-13,South Korea,,Korea,1
Ten10,Ten10,Ten10,2001-09-23,South Korea,,Korea,1
Thal,Thal,Thal,1998-11-13,South Korea,,Korea,1
TheNiu,TheNiu,TheNiu,,China,,China,
TheShy,TheShy,TheShy,1999-11-11,South Korea,,Korea,1
Thesnake,Thesnake,Thesnake,,China,,China,
Tian,Tian,Tian,2000-07-24,China,,China,1
TianCi,Lcberg,lcberg,1999-01-03,China,,China,1
Tianzhen,Tianzhen,Tianzhen,2004-09-13,China,,China,1
Time (Tang Jing-Tai),Time (Tang Jing-Tai),Time,,China,,China,
TnT,Happy,Happy,1994-05-11,China,,China,1
Totoro (Eun Jong-seop),Totoro (Eun Jong-seop),Totoro,1996-05-06,South Korea,,Korea,1
TrAce,TrAce,TrAce,1989-11-02,South Korea,,Korea,1
Trick,Trick,Trick,1995-07-11,South Korea,,Korea,1
Trigger (Kim Eui-joo),Trigger (Kim Eui-joo),Trigger,2000-10-10,South Korea,,Korea,1
TusiN,TusiN,TusiN,1995-11-12,South Korea,,Korea,1
Twila,Twila,Twila,1998-12-07,China,,China,1
U,U,U,1993-09-04,China,,China,1
U Jun,Wiz,Wiz,1998-04-23,South Korea,,Korea,1
Ucal,Ucal,Ucal,2001-01-30,South Korea,,Korea,1
UmTi,UmTi,UmTi,1999-06-02,South Korea,,Korea,1
Uniboy,Uniboy,Uniboy,2001-03-03,Taiwan,,Asia Pacific,1
Untara,Untara,Untara,1996-12-31,South Korea,,Korea,1
Uzi (Jian Zi-Hao),Uzi (Jian Zi-Hao),Uzi,1997-04-05,China,,China,1
V,V,V,1994-10-25,China,,China,1
Vampire,Vampire,Vampire,2005-08-24,China,,China,1
Vasilii,Vas1lii,Vas1lii,1994-10-27,China,,China,1
VicLa,VicLa,VicLa,2003-11-27,South Korea,"South Korea,Japan",Korea,1
View,View,View,2002-07-30,China,,China,1
Viper (Park Do-hyeon),Viper (Park Do-hyeon),Viper,2000-10-19,South Korea,,Korea,1
Vsta,Vsta,Vsta,2000-10-03,South Korea,,Korea,1
Way (Han Gil),Way (Han Gil),Way,2002-06-29,South Korea,,Korea,1
Wayward,Wayward,Wayward,2001-06-23,China,,China,1
We1less,GodV (Wei Zhen),GodV,1997-07-16,China,,China,1
WeI (Wang Huan-Wei),Helper (Wang Huan-Wei),Helper,,China,,China,
Wei (Yan Yang-Wei),Wei (Yan Yang-Wei),Wei,2002-11-09,China,,China,1
Weiwei,Weiwei,Weiwei,2000-08-14,China,,China,1
WeiYan,WeiYan,WeiYan,,China,,China,
Wen (Liao Wen-Wei),Wen (Liao Wen-Wei),Wen,,China,,China,
West,West,West,1997-03-08,China,,China,1
Willer,Willer,Willer,2003-04-24,South Korea,,Korea,1
Windy,Windy,Windy,1997-09-09,China,,China,1
Winged,Winged,Winged,1992-08-20,South Korea,,Korea,1
Wings (Wang Shu-Kai),Wings (Wang Shu-Kai),Wings,2001-12-24,China,,China,1
Wink,Wink,Wink,1999-11-02,China,,China,1
Wizer,Wizer,Wizer,1998-11-29,South Korea,"South Korea,Brazil",Brazil,1
Wolf (Lee Jae-wan),Wolf (Lee Jae-wan),Wolf,1996-09-09,South Korea,,Korea,1
World6,World6,World6,1998-10-16,China,,China,1
Wraith,Wraith,Wraith,1995-09-28,South Korea,,Korea,1
Wuming (Wang Xin),Wuming (Wang Xin),Wuming,2000-05-27,China,,China,1
WuShuang,WuShuang,WuShuang,,China,,China,
WXZ,WXZ,WXZ,1988-01-03,China,,China,1
XBear,XBear,XBear,,China,,China,
XBY,XBY,XBY,2005-08-26,China,,China,1
Xiamu,Xiamu,Xiamu,,China,,China,
XiaoAL,Langx,Langx,1997-09-19,China,,China,1
Xiaobai,Xiaobai,Xiaobai,1999-02-15,China,,China,1
Xiaohan (Pan Han),Xiaohan (Pan Han),xiaohan,1999-08-04,China,,China,1
Xiaohao,Xiaohao,Xiaohao,2002-07-19,China,,China,1
Xiaohu,Xiaohu,Xiaohu,1998-01-28,China,,China,1
Xiaolaohu,Xiaolaohu,Xiaolaohu,2002-08-22,China,,China,1
Xiaopeng,Xiaopeng,xiaopeng,1997-12-01,China,,China,1
Xiaowei,Twila,Twila,1998-12-07,China,,China,1
Xiaoxiang,Xiaoxiang,Xiaoxiang,2002-03-18,China,,China,1
Xiaoxu,Xiaoxu,Xiaoxu,2003-09-11,China,,China,1
XiaoYao,XiaoYao,XiaoYao,1997-04-02,China,,China,1
Xiaoyu (Liang Jian),Aqiu,aqiu,1995-02-18,China,,China,1
Xing (Liu Jia-Xing),Xing (Liu Jia-Xing),Xing,2002-04-17,China,,China,1
XinLiu,XinLiu,XinLiu,2001-07-27,China,,China,1
XinMo,XinMo,XinMo,2000-02-17,China,,China,1
XLB,XLB,XLB,1999-08-06,China,,China,1
Xun,Xun,Xun,2002-02-05,China,,China,1
Bademan,Bademan,bademan,1998-06-21,China,,China,1
Beishang,Beishang,beishang,2000-10-15,China,,China,1
Bing (Feng Jin-Wei),Bing (Feng Jin-Wei),Bing,1994-10-07,China,,China,1
Bkr,Bkr,bkr,,China,,China,
Bless (Xiang Yi-Tong),Bless (Xiang Yi-Tong),bless,2000-11-14,China,,China,1
Can,Can,can,,China,,China,
Chen9,Chen9,chen9,1995-05-08,China,,China,1
Chenlun17,Chenlun17,chenlun17,2001-01-18,China,,China,1
Chimin,Chimin,chimin,,South Korea,,Korea,
Clx,Clx,clx,2000-02-03,China,,China,1
Deokdam,Deokdam,deokdam,2000-02-25,South Korea,,Korea,1
Dian,Dian,Dian,1996-06-22,China,,China,1
Fearness,Fearness,fearness,2002-03-18,China,,China,1
Frigid,Moyan,Moyan,2002-08-02,China,,China,1
GLFS,GLFS,GLFS,2006-04-06,China,,China,1
Gosu,Xero,Xero,1988-07-19,South Korea,,Korea,1
Haichao,Haichao,haichao,2003-04-17,China,,China,1
Haoye,Haoye,Haoye,2003-01-23,China,,China,1
Heal (Peng Jun-Jie),Fate (Peng Jun-Jie),fate,1999-02-13,China,,China,1
HU1,Hui (Lei Hui-Guo),Hui,1996-11-12,China,,China,1
Huanfeng,Huanfeng,huanfeng,2001-05-20,China,,China,1
IBoy,IBoy,iBoy,2000-07-12,China,,China,1
IcecoKe,IcecoKe,icecoKe,,China,,China,
Ikssu,Ikssu,ikssu,1996-10-22,South Korea,,Korea,1
Irma,Irma,irma,,China,,China,
Kaixuan,Kaixuan,Kaixuan,,China,,China,
Kane (Li Chi Hung),Kane (Li Chi Hung),kane,1994-07-20,Hong Kong,,China,1
Kelin,Kelin,kelin,,China,,China,
KRYST4L,KRYST4L,kRYST4L,1994-02-02,China,,China,1
L3est16,L3est16,l3est16,2001-01-13,China,,China,1
Milkyway,Milkyway,milkyway,2004-06-07,China,,China,1
Naiyou,Naiyou,naiyou,2004-10-19,China,,China,1
Neny,Neny,neny,2003-09-28,China,,China,1
Peace (Lin Shang-Ren),Peace (Lin Shang-Ren),Peace,2000-07-07,China,,China,1
Pinz,Pinz,pinz,2002-10-23,China,,China,1
Xintai,Xintai,Xintai,1995-08-19,China,,China,1
Xinyi,Ping,Xinyi,1995-04-04,China,,China,1
Xiyang,Xiyang,Xiyang,1994-05-18,China,,China,1
Xiye,Xiye,xiye,1997-08-06,China,,China,1
Xuan (Pi Xiao-Xuan),XuanXuanPi,XuanXuanPi,1997-10-22,China,,China,1
Xuan (Wu Zheng-Hang),Chenxuan,Chenxuan,2000-10-10,China,,Asia Pacific,1
XuanXuanPi,XuanXuanPi,XuanXuanPi,1997-10-22,China,,China,1
Xubin,Wynn,wynn,,China,,China,
Xuzhu,Daylight,Daylight,2000-05-02,China,,China,1
Xx (Xiong Yu-Long),Xx (Xiong Yu-Long),Xx,1997-06-18,China,,China,1
Xzz,Xzz,Xzz,2002-01-20,China,,China,1
Y1han,Y1han,Y1han,1999-07-02,China,,China,1
Yagao,Yagao,Yagao,1998-10-19,China,,China,1
Yaharong,Yaharong,Yaharong,2000-06-12,South Korea,,Korea,1
Yanxiang,Yanxiang,Yanxiang,2003-07-24,China,,China,1
Ye (Ji Xin-Yu),YeG,YeG,2001-11-13,China,,China,1
YeG,YeG,YeG,2001-11-13,China,,China,1
YeongJae (Ko Yeong-jae),YoungJae,YoungJae,2002-11-16,South Korea,,Korea,1
Yimeng,Yimeng,Yimeng,2000-11-14,China,,China,1
Yondu,Beyond (Kim Kyu-seok),Beyond,1997-08-18,South Korea,,Korea,1
Yoon,Yoon,Yoon,1996-07-04,South Korea,,Korea,1
Youdang,Youdang,Youdang,1999-11-01,China,,China,1
YoungJae,YoungJae,YoungJae,2002-11-16,South Korea,,Korea,1
YSKM,YSKM,YSKM,2004-02-11,Hong Kong,,China,1
Yu (Li Xin-Nan),Yu (Li Xin-Nan),Yu,1990-08-10,China,,China,1
Yueguan,Water (Fu Hui),Water,,China,,China,
Yuekai,Yuekai,Yuekai,2002-07-27,China,,China,1
Yui,Yui,Yui,1998-02-09,China,,China,1
Yuuki (Hu Hao-Ming),Yuuki (Hu Hao-Ming),Yuuki,1999-12-14,China,,China,1
Yuyanjia,Yuyanjia,yuyanjia,1997-08-30,China,,China,1
YuZhe,YuZhe,YuZhe,,China,,China,
ZangAo,ZangAo,ZangAo,,China,,China,
Zdz,Zdz,Zdz,2001-12-03,China,,China,1
Zeka (Kim Geon-woo),Zeka (Kim Geon-woo),Zeka,2002-11-28,South Korea,,Korea,1
Zenit,Zenit,Zenit,2000-05-08,South Korea,,Korea,1
Zero (Yoon Kyung-sup),Zero (Yoon Kyung-sup),zero,1994-07-16,South Korea,,Korea,1
Zest (Kim Dong-min),Zest (Kim Dong-min),Zest,2003-11-05,South Korea,,Korea,1
Zet,Zet,Zet,1997-08-21,South Korea,,Korea,1
Zeus,Zeus,Zeus,2004-01-31,South Korea,,Korea,1
Zhaoyun,Zhaoyun,Zhaoyun,2001-05-30,China,,China,1
Zhuo,Zhuo,Zhuo,2001-02-13,China,,China,1
Zika,Zika,Zika,2003-07-07,China,,China,1
Ziv (Chen Yi),Ziv (Chen Yi),Ziv,1994-12-24,Taiwan,,Asia Pacific,1
Zoom,Zoom,Zoom,1997-07-27,China,,China,1
Zorah,Zorah,Zorah,2003-05-08,China,,China,1
ZUIAN,ZUIAN,ZUIAN,2005-05-23,China,,China,1
ZWuJi,ZWuJi,ZWuJi,1998-09-29,China,,China,1
ZYF,Missia,Missia,2001-10-26,China,,China,1
Zz1tai,Zz1tai,Zz1tai,1997-08-25,China,,China,1
Zzitai,Zz1tai,Zz1tai,1997-08-25,China,,China,1
Zzr,Zzr,Zzr,1996-12-08,China,,China,1
Zzus,Zzus,Zzus,1998-08-30,South Korea,,Korea,1
Ppgod,Ppgod,ppgod,2000-03-31,China,,China,1
Pzx,Pzx,pzx,,China,,China,
Qi,Awei (Zhao A-Wei),Awei,1996-06-28,China,,China,1
Rat,Pqy,pqy,,China,,China,
San (Guo Jun-Liang),San (Guo Jun-Liang),san,1993-01-16,China,,China,1
Shad0w,Shad0w,Shad0w,2001-02-25,Italy,,China,1
Shanji,Shanji,shanji,2000-09-14,China,,China,1
Sheer,Sheer,sheer,2005-12-06,China,,China,1
Ss17GOD,Ss17,ss17,1993-02-06,China,,China,1
Vital,Vital,vital,2002-09-16,South Korea,,Korea,1
Wuxin,Wuxx,Wuxx,1996-01-10,China,,China,1
Wuxx,Wuxx,Wuxx,1996-01-10,China,,China,1
X1u,X1u,x1u,,China,,China,
Xiao7,Xiao7,xiao7,,China,,China,
Xiaocaobao,Xiaocaobao,xiaocaobao,2002-01-18,China,,China,1
Xiaofang,Xiaofang,xiaofang,2004-07-06,China,,China,1
Xiaohuangren,Xiaohuangren,xiaohuangren,2005-01-26,China,,China,1
Xiaoxi,Unicorn,unicorn,1996-09-17,China,,China,1
Xiaoyueji,Xiaoyueji,xiaoyueji,2002-12-12,China,,China,1
XQ,XQ,xQ,,China,,China,
Xqw,Xqw,xqw,2003-04-02,China,,China,1
Xunyu,Kaixuan,Kaixuan,,China,,China,
Xy,Xy,xy,,China,,China,
Y4,Y4,y4,1998-02-19,China,,China,1
Yaoyao,Yaoyao,yaoyao,2001-07-20,China,,China,1
Yohan,Yohan,Yohan,1999-12-17,South Korea,,Korea,1
Yolo (Jang Hyeon-su),Yolo (Jang Hyeon-su),yolo,1994-02-14,South Korea,,Korea,1
Zhiqiuyi,Zhiqiuyi,zhiqiuyi,,China,,China,
Zs,Zs,zs,2002-03-19,China,,China,1
