PlayerLink,Team,League,Year,Split,Games
1xn,ThunderTalk Gaming,Tencent LoL Pro League,2024,Summer,8
369,JD Gaming,Tencent LoL Pro League,2022,Spring,14
369,JD Gaming,Tencent LoL Pro League,2022,Summer,13
369,JD Gaming,Tencent LoL Pro League,2023,Spring,12
369,JD Gaming,Tencent LoL Pro League,2023,Summer,13
369,Top Esports,Tencent LoL Pro League,2019,Summer,7
369,Top Esports,Tencent LoL Pro League,2020,Spring,13
369,Top Esports,Tencent LoL Pro League,2020,Summer,8
369,Top Esports,Tencent LoL Pro League,2021,Spring,12
369,Top Esports,Tencent LoL Pro League,2021,Summer,4
369,Top Esports,Tencent LoL Pro League,2024,Spring,16
369,Top Esports,Tencent LoL Pro League,2024,Summer,16
369,Topsports Gaming,Tencent LoL Pro League,2019,Spring,6
957,Team WE,Tencent LoL Pro League,2016,Spring,12
957,Team WE,Tencent LoL Pro League,2016,Summer,13
957,Team WE,Tencent LoL Pro League,2017,Spring,7
957,Team WE,Tencent LoL Pro League,2017,Summer,13
957,Team WE,Tencent LoL Pro League,2018,Spring,2
Able,Oh My God,Tencent LoL Pro League,2021,Summer,3
Able,Oh My God,Tencent LoL Pro League,2022,Summer,5
Able,Oh My God,Tencent LoL Pro League,2023,Spring,18
Able,Oh My God,Tencent LoL Pro League,2023,Summer,5
Able,Oh My God,Tencent LoL Pro League,2024,Spring,4
Able,Royal Never Give Up,Tencent LoL Pro League,2018,Summer,3
Acorn,LGD Gaming,Tencent LoL Pro League,2015,Spring,9
Acorn,LGD Gaming,Tencent LoL Pro League,2015,Summer,15
ADD,Bilibili Gaming,Tencent LoL Pro League,2019,Summer,12
ADD,MVP,LoL Champions Korea,2017,Spring,5
Ahn (An Shan-Ye),Invictus Gaming,Tencent LoL Pro League,2024,Spring,5
Ahn (An Shan-Ye),Invictus Gaming,Tencent LoL Pro League,2024,Summer,5
Aiming,Afreeca Freecs,LoL Champions Korea,2019,Summer,3
Aiming,Bilibili Gaming,Tencent LoL Pro League,2021,Summer,3
Aiming,Dplus Kia,LoL Champions Korea,2024,Spring,13
Aiming,Dplus Kia,LoL Champions Korea,2024,Summer,11
Aiming,KT Rolster,LoL Champions Korea,2020,Spring,3
Aiming,KT Rolster,LoL Champions Korea,2022,Summer,5
Aiming,KT Rolster,LoL Champions Korea,2023,Spring,17
Aiming,KT Rolster,LoL Champions Korea,2023,Summer,13
Aki (Mao An),Ninjas in Pyjamas.CN,Tencent LoL Pro League,2024,Spring,18
Aki (Mao An),Oh My God,Tencent LoL Pro League,2021,Summer,3
Aki (Mao An),Oh My God,Tencent LoL Pro League,2022,Summer,5
Aki (Mao An),Oh My God,Tencent LoL Pro League,2023,Spring,18
Aki (Mao An),Oh My God,Tencent LoL Pro League,2023,Summer,5
Ale,Anyone's Legend,Tencent LoL Pro League,2024,Summer,8
Ale,EDward Gaming,Tencent LoL Pro League,2023,Spring,12
Ale,EDward Gaming,Tencent LoL Pro League,2023,Summer,14
Ale,LNG Esports,Tencent LoL Pro League,2021,Summer,20
Ale,LNG Esports,Tencent LoL Pro League,2022,Spring,3
Ale,LNG Esports,Tencent LoL Pro League,2022,Summer,20
Alex (Chen Yu-Ming),FunPlus Phoenix,Tencent LoL Pro League,2018,Summer,3
Alone (Wang Zi-Jun),QG Reapers,Tencent LoL Pro League,2017,Spring,4
Aluka,Team WE,Tencent LoL Pro League,2015,Spring,5
AmazingJ,Bilibili Gaming,Tencent LoL Pro League,2018,Spring,7
AmazingJ,I May,Tencent LoL Pro League,2016,Summer,15
AmazingJ,I May,Tencent LoL Pro League,2017,Spring,9
Ambition,Gen.G,LoL Champions Korea,2018,Summer,2
Ambition,KSV eSports,LoL Champions Korea,2018,Spring,3
Ambition,Samsung Galaxy,LoL Champions Korea,2016,Summer,5
Ambition,Samsung Galaxy,LoL Champions Korea,2017,Spring,1
Ambition,Samsung Galaxy,LoL Champions Korea,2017,Summer,1
Angel (Xiang Tao),Ninjas in Pyjamas.CN,Tencent LoL Pro League,2023,Summer,8
Angel (Xiang Tao),Oh My God,Tencent LoL Pro League,2024,Spring,4
Angel (Xiang Tao),Oh My God,Tencent LoL Pro League,2024,Summer,3
Angel (Xiang Tao),Royal Never Give Up,Tencent LoL Pro League,2023,Spring,8
Angel (Xiang Tao),Suning,Tencent LoL Pro League,2018,Summer,4
Angel (Xiang Tao),Suning,Tencent LoL Pro League,2019,Summer,4
Angel (Xiang Tao),Suning,Tencent LoL Pro League,2020,Summer,10
Angel (Xiang Tao),Suning,Tencent LoL Pro League,2021,Spring,10
Angel (Xiang Tao),Suning,Tencent LoL Pro League,2021,Summer,5
Angel (Xiang Tao),Weibo Gaming,Tencent LoL Pro League,2022,Spring,9
Angel (Xiang Tao),Weibo Gaming,Tencent LoL Pro League,2022,Summer,4
Aodi,EDward Gaming,Tencent LoL Pro League,2020,Spring,8
Arrow,KT Rolster,LoL Champions Korea,2016,Spring,3
Arrow,KT Rolster,LoL Champions Korea,2016,Summer,13
Arthur (Park Mi-reu),Hanwha Life Esports,LoL Champions Korea,2021,Spring,3
Assassin,Team King,Tencent LoL Pro League,2015,Spring,5
Assum,Rare Atom,Tencent LoL Pro League,2024,Summer,3
Asura (Lu Qi),LNG Esports,Tencent LoL Pro League,2019,Summer,7
Athena,I May,Tencent LoL Pro League,2016,Summer,10
Athena,I May,Tencent LoL Pro League,2017,Spring,9
Avoidless,I May,Tencent LoL Pro League,2016,Summer,15
BaeMe,I May,Tencent LoL Pro League,2016,Summer,5
BAKA (Lu Fan),Snake Esports,Tencent LoL Pro League,2015,Spring,12
Bang,SK Telecom T1,LoL Champions Korea,2016,Spring,11
Bang,SK Telecom T1,LoL Champions Korea,2016,Summer,5
Bang,SK Telecom T1,LoL Champions Korea,2017,Spring,3
Bang,SK Telecom T1,LoL Champions Korea,2017,Summer,14
Bang,SK Telecom T1,LoL Champions Korea,2018,Spring,7
BAO (Jeong Hyeon-woo),DRX,LoL Champions Korea,2021,Spring,4
Baolan,Invictus Gaming,Tencent LoL Pro League,2016,Summer,2
Baolan,Invictus Gaming,Tencent LoL Pro League,2018,Spring,9
Baolan,Invictus Gaming,Tencent LoL Pro League,2018,Summer,10
Baolan,Invictus Gaming,Tencent LoL Pro League,2019,Spring,7
Baolan,Invictus Gaming,Tencent LoL Pro League,2019,Summer,3
Baolan,Invictus Gaming,Tencent LoL Pro League,2020,Summer,3
Bay,Nongshim RedForce,LoL Champions Korea,2021,Spring,5
Bdd,Gen.G,LoL Champions Korea,2020,Spring,3
Bdd,Gen.G,LoL Champions Korea,2020,Summer,8
Bdd,Gen.G,LoL Champions Korea,2021,Spring,6
Bdd,Gen.G,LoL Champions Korea,2021,Summer,4
Bdd,Kingzone DragonX,LoL Champions Korea,2018,Spring,4
Bdd,Kingzone DragonX,LoL Champions Korea,2018,Summer,4
Bdd,KT Rolster,LoL Champions Korea,2023,Spring,17
Bdd,KT Rolster,LoL Champions Korea,2023,Summer,13
Bdd,KT Rolster,LoL Champions Korea,2024,Spring,5
Bdd,KT Rolster,LoL Champions Korea,2024,Summer,4
Bdd,Longzhu Gaming,LoL Champions Korea,2017,Summer,4
Beast (Kim Joo-hyun),Snake Esports,Tencent LoL Pro League,2015,Spring,12
Beast (Kim Joo-hyun),Snake Esports,Tencent LoL Pro League,2015,Summer,4
Becca (Son Min-woo),DRX,LoL Champions Korea,2021,Spring,4
Beichuan,ThunderTalk Gaming,Tencent LoL Pro League,2023,Spring,4
Beichuan,ThunderTalk Gaming,Tencent LoL Pro League,2024,Summer,8
beishang,Team WE,Tencent LoL Pro League,2019,Spring,4
beishang,Team WE,Tencent LoL Pro League,2020,Spring,8
beishang,Team WE,Tencent LoL Pro League,2020,Summer,4
beishang,Team WE,Tencent LoL Pro League,2021,Spring,3
beishang,Team WE,Tencent LoL Pro League,2021,Summer,22
Ben,Afreeca Freecs,LoL Champions Korea,2020,Summer,6
Ben,Team WE,Tencent LoL Pro League,2017,Spring,7
Ben,Team WE,Tencent LoL Pro League,2017,Summer,13
Ben,Top Esports,Tencent LoL Pro League,2019,Summer,5
Ben,Topsports Gaming,Tencent LoL Pro League,2019,Spring,11
Ben4,I May,Tencent LoL Pro League,2017,Spring,9
BeryL,DAMWON Gaming,LoL Champions Korea,2019,Spring,5
BeryL,DAMWON Gaming,LoL Champions Korea,2019,Summer,3
BeryL,DAMWON Gaming,LoL Champions Korea,2020,Spring,8
BeryL,DAMWON Gaming,LoL Champions Korea,2020,Summer,3
BeryL,DRX,LoL Champions Korea,2022,Spring,5
BeryL,DRX,LoL Champions Korea,2022,Summer,4
BeryL,DRX,LoL Champions Korea,2023,Summer,3
BeryL,DWG KIA,LoL Champions Korea,2021,Spring,6
BeryL,DWG KIA,LoL Champions Korea,2021,Summer,7
BeryL,KT Rolster,LoL Champions Korea,2024,Spring,5
BeryL,KT Rolster,LoL Champions Korea,2024,Summer,4
Betty,Royal Never Give Up,Tencent LoL Pro League,2020,Spring,4
Beyond (Kim Kyu-seok),MVP,LoL Champions Korea,2017,Spring,5
Bin (Chen Ze-Bin),Bilibili Gaming,Tencent LoL Pro League,2022,Summer,4
Bin (Chen Ze-Bin),Bilibili Gaming,Tencent LoL Pro League,2023,Spring,26
Bin (Chen Ze-Bin),Bilibili Gaming,Tencent LoL Pro League,2023,Summer,11
Bin (Chen Ze-Bin),Bilibili Gaming,Tencent LoL Pro League,2024,Spring,13
Bin (Chen Ze-Bin),Bilibili Gaming,Tencent LoL Pro League,2024,Summer,10
Bin (Chen Ze-Bin),Royal Never Give Up,Tencent LoL Pro League,2022,Spring,14
Bin (Chen Ze-Bin),Suning,Tencent LoL Pro League,2020,Summer,10
Bin (Chen Ze-Bin),Suning,Tencent LoL Pro League,2021,Spring,10
Bin (Chen Ze-Bin),Suning,Tencent LoL Pro League,2021,Summer,5
Biubiu,Bilibili Gaming,Tencent LoL Pro League,2021,Summer,3
Biubiu,Team WE,Tencent LoL Pro League,2023,Spring,4
Biubiu,Victory Five,Tencent LoL Pro League,2020,Summer,8
Blank (Kang Sun-gu),SK Telecom T1,LoL Champions Korea,2016,Spring,11
Blank (Kang Sun-gu),SK Telecom T1,LoL Champions Korea,2016,Summer,5
Blank (Kang Sun-gu),SK Telecom T1,LoL Champions Korea,2017,Summer,6
Blank (Kang Sun-gu),SK Telecom T1,LoL Champions Korea,2018,Spring,7
bonO (Kim Gi-beom),KT Rolster,LoL Champions Korea,2020,Spring,3
Brain,Suning,Tencent LoL Pro League,2017,Summer,1
Breathe,Bilibili Gaming,Tencent LoL Pro League,2022,Spring,8
Breathe,Royal Never Give Up,Tencent LoL Pro League,2022,Summer,4
Breathe,Royal Never Give Up,Tencent LoL Pro League,2023,Spring,8
Breathe,Royal Never Give Up,Tencent LoL Pro League,2023,Summer,4
Breathe,Team WE,Tencent LoL Pro League,2021,Spring,3
Breathe,Team WE,Tencent LoL Pro League,2021,Summer,22
Breathe,Weibo Gaming,Tencent LoL Pro League,2024,Summer,20
Bull,Kwangdong Freecs,LoL Champions Korea,2024,Spring,3
BuLLDoG (Lee Tae-young),Kwangdong Freecs,LoL Champions Korea,2024,Spring,3
Burdol,DWG KIA,LoL Champions Korea,2022,Spring,5
Burdol,DWG KIA,LoL Champions Korea,2022,Summer,9
Burdol,LGD Gaming,Tencent LoL Pro League,2024,Summer,9
Burdol,Liiv SANDBOX,LoL Champions Korea,2023,Spring,4
Canna,Dplus Kia,LoL Champions Korea,2023,Spring,4
Canna,Dplus Kia,LoL Champions Korea,2023,Summer,4
Canna,T1,LoL Champions Korea,2020,Spring,7
Canna,T1,LoL Champions Korea,2020,Summer,3
Canna,T1,LoL Champions Korea,2021,Spring,7
Canna,T1,LoL Champions Korea,2021,Summer,11
Canyon,DAMWON Gaming,LoL Champions Korea,2019,Spring,6
Canyon,DAMWON Gaming,LoL Champions Korea,2019,Summer,3
Canyon,DAMWON Gaming,LoL Champions Korea,2020,Spring,8
Canyon,DAMWON Gaming,LoL Champions Korea,2020,Summer,3
Canyon,Dplus Kia,LoL Champions Korea,2023,Spring,4
Canyon,Dplus Kia,LoL Champions Korea,2023,Summer,4
Canyon,DWG KIA,LoL Champions Korea,2021,Spring,6
Canyon,DWG KIA,LoL Champions Korea,2021,Summer,7
Canyon,DWG KIA,LoL Champions Korea,2022,Spring,8
Canyon,DWG KIA,LoL Champions Korea,2022,Summer,10
Canyon,Gen.G,LoL Champions Korea,2024,Spring,14
Canyon,Gen.G,LoL Champions Korea,2024,Summer,12
Care,FunPlus Phoenix,Tencent LoL Pro League,2022,Spring,4
Care,FunPlus Phoenix,Tencent LoL Pro League,2022,Summer,9
Care,FunPlus Phoenix,Tencent LoL Pro League,2024,Spring,4
Care,FunPlus Phoenix,Tencent LoL Pro League,2024,Summer,9
Carry (Wang Zu-Jing),Vici Gaming,Tencent LoL Pro League,2015,Spring,4
Cat (Wu Yao),Topsports Gaming,Tencent LoL Pro League,2018,Summer,8
caveMan,Vici Gaming,Tencent LoL Pro League,2016,Spring,7
caveMan,Vici Gaming,Tencent LoL Pro League,2016,Summer,9
Celestial,Team WE,Tencent LoL Pro League,2018,Spring,2
Changhong,SinoDragon Gaming,Tencent LoL Pro League,2019,Spring,6
Chei,Jin Air Green Wings,LoL Champions Korea,2016,Spring,6
Chieftain,Bilibili Gaming,Tencent LoL Pro League,2018,Spring,7
Chovy,DragonX,LoL Champions Korea,2020,Spring,9
Chovy,DRX,LoL Champions Korea,2020,Summer,8
Chovy,Gen.G,LoL Champions Korea,2022,Spring,9
Chovy,Gen.G,LoL Champions Korea,2022,Summer,7
Chovy,Gen.G,LoL Champions Korea,2023,Spring,16
Chovy,Gen.G,LoL Champions Korea,2023,Summer,11
Chovy,Gen.G,LoL Champions Korea,2024,Spring,14
Chovy,Gen.G,LoL Champions Korea,2024,Summer,12
Chovy,Griffin (Korean Team),LoL Champions Korea,2018,Summer,10
Chovy,Griffin (Korean Team),LoL Champions Korea,2019,Spring,3
Chovy,Griffin (Korean Team),LoL Champions Korea,2019,Summer,4
Chovy,Hanwha Life Esports,LoL Champions Korea,2021,Spring,8
City,Game Talents,Tencent LoL Pro League,2016,Summer,3
Clear (Song Hyeon-min),BNK FEARX,LoL Champions Korea,2024,Summer,4
Clearlove,EDward Gaming,Tencent LoL Pro League,2015,Spring,13
ClearLove,EDward Gaming,Tencent LoL Pro League,2015,Summer,7
Clearlove,EDward Gaming,Tencent LoL Pro League,2016,Spring,7
Clearlove,EDward Gaming,Tencent LoL Pro League,2016,Summer,8
Clearlove,EDward Gaming,Tencent LoL Pro League,2017,Spring,4
Clearlove,EDward Gaming,Tencent LoL Pro League,2018,Spring,3
Clearlove,EDward Gaming,Tencent LoL Pro League,2018,Summer,2
Clearlove,EDward Gaming,Tencent LoL Pro League,2019,Spring,1
Clearlove7,EDward Gaming,Tencent LoL Pro League,2017,Summer,10
clid,FunPlus Phoenix,Tencent LoL Pro League,2022,Spring,4
Clid,FunPlus Phoenix,Tencent LoL Pro League,2022,Summer,9
Clid,Gen.G,LoL Champions Korea,2020,Spring,3
Clid,Gen.G,LoL Champions Korea,2020,Summer,8
Clid,Gen.G,LoL Champions Korea,2021,Spring,6
Clid,Gen.G,LoL Champions Korea,2021,Summer,4
Clid,Hanwha Life Esports,LoL Champions Korea,2023,Spring,12
Clid,JD Gaming,Tencent LoL Pro League,2018,Spring,2
Clid,JD Gaming,Tencent LoL Pro League,2018,Summer,15
Clid,QG Reapers,Tencent LoL Pro League,2017,Spring,4
Clid,SK Telecom T1,LoL Champions Korea,2019,Spring,6
Clid,SK Telecom T1,LoL Champions Korea,2019,Summer,13
Cloud (Hu Zhen-Wei),Oh My God,Tencent LoL Pro League,2015,Spring,3
Clozer,BNK FEARX,LoL Champions Korea,2024,Summer,4
Clozer,Liiv SANDBOX,LoL Champions Korea,2022,Summer,8
Clozer,Liiv SANDBOX,LoL Champions Korea,2023,Spring,4
Clozer,T1,LoL Champions Korea,2020,Summer,1
Coco,Newbee,Tencent LoL Pro League,2017,Spring,6
Coco,Newbee,Tencent LoL Pro League,2017,Summer,5
COLD,Oh My God,Tencent LoL Pro League,2021,Summer,3
COLD,Oh My God,Tencent LoL Pro League,2022,Summer,5
Conan,Team WE,Tencent LoL Pro League,2015,Spring,5
Condi,Masters 3,Tencent LoL Pro League,2015,Summer,3
Condi,Team WE,Tencent LoL Pro League,2016,Spring,12
Condi,Team WE,Tencent LoL Pro League,2016,Summer,13
Condi,Team WE,Tencent LoL Pro League,2017,Spring,7
Condi,Team WE,Tencent LoL Pro League,2017,Summer,13
Cool,FunPlus Phoenix,Tencent LoL Pro League,2018,Summer,3
Cool,Oh My God,Tencent LoL Pro League,2015,Spring,3
COOL,Oh My God,Tencent LoL Pro League,2015,Summer,7
CoreJJ,Gen.G,LoL Champions Korea,2018,Summer,2
CoreJJ,KSV eSports,LoL Champions Korea,2018,Spring,3
CoreJJ,Samsung Galaxy,LoL Champions Korea,2017,Spring,2
CoreJJ,Samsung Galaxy,LoL Champions Korea,2017,Summer,2
Corn (Lei Wen),Topsports Gaming,Tencent LoL Pro League,2018,Summer,8
Creme,Oh My God,Tencent LoL Pro League,2021,Summer,3
Creme,Oh My God,Tencent LoL Pro League,2022,Summer,5
Creme,Oh My God,Tencent LoL Pro League,2023,Spring,18
Creme,Oh My God,Tencent LoL Pro League,2023,Summer,5
Creme,Top Esports,Tencent LoL Pro League,2024,Spring,16
Creme,Top Esports,Tencent LoL Pro League,2024,Summer,16
Crisp,Bilibili Gaming,Tencent LoL Pro League,2022,Spring,8
Crisp,Bilibili Gaming,Tencent LoL Pro League,2022,Summer,4
Crisp,FunPlus Phoenix,Tencent LoL Pro League,2018,Summer,3
Crisp,FunPlus Phoenix,Tencent LoL Pro League,2019,Spring,9
Crisp,FunPlus Phoenix,Tencent LoL Pro League,2019,Summer,8
Crisp,FunPlus Phoenix,Tencent LoL Pro League,2020,Spring,10
Crisp,FunPlus Phoenix,Tencent LoL Pro League,2020,Summer,4
Crisp,FunPlus Phoenix,Tencent LoL Pro League,2021,Spring,20
Crisp,FunPlus Phoenix,Tencent LoL Pro League,2021,Summer,10
Crisp,Newbee,Tencent LoL Pro League,2017,Summer,5
Crisp,Weibo Gaming,Tencent LoL Pro League,2023,Spring,3
Crisp,Weibo Gaming,Tencent LoL Pro League,2023,Summer,9
Crisp,Weibo Gaming,Tencent LoL Pro League,2024,Spring,13
Crisp,Weibo Gaming,Tencent LoL Pro League,2024,Summer,20
Croco,Anyone's Legend,Tencent LoL Pro League,2024,Summer,8
Croco,DRX,LoL Champions Korea,2023,Summer,3
Croco,Liiv SANDBOX,LoL Champions Korea,2021,Summer,3
Croco,Liiv SANDBOX,LoL Champions Korea,2022,Summer,8
Crown,KSV eSports,LoL Champions Korea,2018,Spring,3
Crown,Samsung Galaxy,LoL Champions Korea,2016,Summer,5
Crown,Samsung Galaxy,LoL Champions Korea,2017,Spring,3
Crown,Samsung Galaxy,LoL Champions Korea,2017,Summer,3
Cryin,eStar (Chinese Team),Tencent LoL Pro League,2020,Spring,4
Cryin,Invictus Gaming,Tencent LoL Pro League,2024,Spring,5
Cryin,Royal Never Give Up,Tencent LoL Pro League,2021,Spring,17
Cryin,Royal Never Give Up,Tencent LoL Pro League,2021,Summer,4
Cube (Dai Yi),Oh My God,Tencent LoL Pro League,2024,Spring,4
Cube (Dai Yi),Rare Atom,Tencent LoL Pro League,2021,Spring,9
Cube (Dai Yi),Rare Atom,Tencent LoL Pro League,2021,Summer,5
Cube (Dai Yi),Rare Atom,Tencent LoL Pro League,2022,Spring,4
Cube (Dai Yi),Team WE,Tencent LoL Pro League,2023,Summer,4
CuVee,Gen.G,LoL Champions Korea,2018,Summer,2
CuVee,KSV eSports,LoL Champions Korea,2018,Spring,3
CuVee,Samsung Galaxy,LoL Champions Korea,2016,Summer,4
CuVee,Samsung Galaxy,LoL Champions Korea,2017,Spring,3
CuVee,Samsung Galaxy,LoL Champions Korea,2017,Summer,3
Cuzz,Kingzone DragonX,LoL Champions Korea,2019,Spring,6
Cuzz,KT Rolster,LoL Champions Korea,2022,Summer,5
Cuzz,KT Rolster,LoL Champions Korea,2023,Spring,17
Cuzz,KT Rolster,LoL Champions Korea,2023,Summer,13
Cuzz,Kwangdong Freecs,LoL Champions Korea,2024,Spring,3
Cuzz,Longzhu Gaming,LoL Champions Korea,2017,Summer,4
Cuzz,T1,LoL Champions Korea,2020,Spring,7
Cuzz,T1,LoL Champions Korea,2020,Summer,3
Cuzz,T1,LoL Champions Korea,2021,Spring,7
Dade,Masters 3,Tencent LoL Pro League,2015,Summer,3
DanDy,Vici Gaming,Tencent LoL Pro League,2015,Spring,4
DanDy,Vici Gaming,Tencent LoL Pro League,2015,Summer,13
DanDy,Vici Gaming,Tencent LoL Pro League,2016,Spring,7
DanDy,Vici Gaming,Tencent LoL Pro League,2016,Summer,9
Deceit,QG Reapers,Tencent LoL Pro League,2017,Spring,4
Deft,Dplus Kia,LoL Champions Korea,2023,Spring,4
Deft,Dplus Kia,LoL Champions Korea,2023,Summer,4
Deft,DragonX,LoL Champions Korea,2020,Spring,9
Deft,DRX,LoL Champions Korea,2020,Summer,8
Deft,DRX,LoL Champions Korea,2022,Spring,5
Deft,DRX,LoL Champions Korea,2022,Summer,4
Deft,EDward Gaming,Tencent LoL Pro League,2015,Spring,13
Deft,EDward Gaming,Tencent LoL Pro League,2015,Summer,7
Deft,EDward Gaming,Tencent LoL Pro League,2016,Spring,7
Deft,EDward Gaming,Tencent LoL Pro League,2016,Summer,8
Deft,Hanwha Life Esports,LoL Champions Korea,2021,Spring,8
Deft,Kingzone DragonX,LoL Champions Korea,2019,Spring,6
Deft,KT Rolster,LoL Champions Korea,2017,Spring,9
Deft,KT Rolster,LoL Champions Korea,2017,Summer,5
Deft,KT Rolster,LoL Champions Korea,2018,Spring,8
Deft,KT Rolster,LoL Champions Korea,2018,Summer,5
Deft,KT Rolster,LoL Champions Korea,2024,Spring,5
Deft,KT Rolster,LoL Champions Korea,2024,Summer,4
Delight,Fredit BRION,LoL Champions Korea,2022,Spring,3
Delight,Gen.G,LoL Champions Korea,2023,Spring,16
Delight,Gen.G,LoL Champions Korea,2023,Summer,11
Delight,Hanwha Life Esports,LoL Champions Korea,2024,Spring,14
Delight,Hanwha Life Esports,LoL Champions Korea,2024,Summer,16
deokdam,DWG KIA,LoL Champions Korea,2022,Spring,8
deokdam,DWG KIA,LoL Champions Korea,2022,Summer,10
deokdam,FunPlus Phoenix,Tencent LoL Pro League,2024,Spring,4
deokdam,FunPlus Phoenix,Tencent LoL Pro League,2024,Summer,9
deokdam,Nongshim RedForce,LoL Champions Korea,2021,Spring,5
deokdam,Nongshim RedForce,LoL Champions Korea,2021,Summer,7
Doggo,Bilibili Gaming,Tencent LoL Pro League,2022,Spring,8
Doggo,Bilibili Gaming,Tencent LoL Pro League,2022,Summer,4
Doinb,FunPlus Phoenix,Tencent LoL Pro League,2019,Spring,9
Doinb,FunPlus Phoenix,Tencent LoL Pro League,2019,Summer,8
Doinb,FunPlus Phoenix,Tencent LoL Pro League,2020,Spring,10
Doinb,FunPlus Phoenix,Tencent LoL Pro League,2020,Summer,4
Doinb,FunPlus Phoenix,Tencent LoL Pro League,2021,Spring,20
Doinb,FunPlus Phoenix,Tencent LoL Pro League,2021,Summer,10
Doinb,LNG Esports,Tencent LoL Pro League,2022,Spring,3
Doinb,LNG Esports,Tencent LoL Pro League,2022,Summer,20
Doinb,QG Reapers,Tencent LoL Pro League,2017,Spring,4
Doinb,Qiao Gu Reapers,Tencent LoL Pro League,2015,Summer,10
Doinb,Rogue Warriors,Tencent LoL Pro League,2018,Spring,13
Doinb,Rogue Warriors,Tencent LoL Pro League,2018,Summer,7
Doran (Choi Hyeon-joon),DragonX,LoL Champions Korea,2020,Spring,9
Doran (Choi Hyeon-joon),DRX,LoL Champions Korea,2020,Summer,8
Doran (Choi Hyeon-joon),Gen.G,LoL Champions Korea,2022,Spring,9
Doran (Choi Hyeon-joon),Gen.G,LoL Champions Korea,2022,Summer,7
Doran (Choi Hyeon-joon),Gen.G,LoL Champions Korea,2023,Spring,16
Doran (Choi Hyeon-joon),Gen.G,LoL Champions Korea,2023,Summer,11
Doran (Choi Hyeon-joon),Griffin (Korean Team),LoL Champions Korea,2019,Summer,4
Doran (Choi Hyeon-joon),Hanwha Life Esports,LoL Champions Korea,2024,Spring,14
Doran (Choi Hyeon-joon),Hanwha Life Esports,LoL Champions Korea,2024,Summer,16
Dove,Liiv SANDBOX,LoL Champions Korea,2022,Summer,8
Dove,SANDBOX Gaming,LoL Champions Korea,2019,Spring,3
Dove,SANDBOX Gaming,LoL Champions Korea,2019,Summer,3
Dread (Lee Jin-hyeok),Afreeca Freecs,LoL Champions Korea,2019,Summer,3
Dread (Lee Jin-hyeok),Afreeca Freecs,LoL Champions Korea,2020,Summer,3
Dread (Lee Jin-hyeok),Afreeca Freecs,LoL Champions Korea,2021,Summer,4
Duan,LNG Esports,Tencent LoL Pro League,2019,Summer,7
DuDu (Lee Dong-ju),Kwangdong Freecs,LoL Champions Korea,2024,Spring,3
Duke (Lee Ho-seong),Invictus Gaming,Tencent LoL Pro League,2017,Spring,3
Duke (Lee Ho-seong),Invictus Gaming,Tencent LoL Pro League,2017,Summer,6
Duke (Lee Ho-seong),Invictus Gaming,Tencent LoL Pro League,2018,Spring,9
Duke (Lee Ho-seong),Invictus Gaming,Tencent LoL Pro League,2018,Summer,3
Duke (Lee Ho-seong),Invictus Gaming,Tencent LoL Pro League,2019,Summer,1
Duke (Lee Ho-seong),SK Telecom T1,LoL Champions Korea,2016,Spring,11
Duke (Lee Ho-seong),SK Telecom T1,LoL Champions Korea,2016,Summer,5
Duro,BNK FEARX,LoL Champions Korea,2024,Summer,4
Easyhoon,Vici Gaming,Tencent LoL Pro League,2016,Spring,7
Easyhoon,Vici Gaming,Tencent LoL Pro League,2016,Summer,9
Effort,Liiv SANDBOX,LoL Champions Korea,2021,Summer,3
Effort,SK Telecom T1,LoL Champions Korea,2018,Spring,2
Effort,SK Telecom T1,LoL Champions Korea,2019,Summer,13
Effort,T1,LoL Champions Korea,2020,Spring,7
Effort,T1,LoL Champions Korea,2020,Summer,3
Eimy,LGD Gaming,Tencent LoL Pro League,2016,Spring,3
Elk,Bilibili Gaming,Tencent LoL Pro League,2023,Spring,26
Elk,Bilibili Gaming,Tencent LoL Pro League,2023,Summer,11
Elk,Bilibili Gaming,Tencent LoL Pro League,2024,Spring,13
Elk,Bilibili Gaming,Tencent LoL Pro League,2024,Summer,10
Elk,Team WE,Tencent LoL Pro League,2021,Summer,22
Ella,Snake Esports,Tencent LoL Pro League,2015,Spring,12
Ella,Snake Esports,Tencent LoL Pro League,2015,Summer,4
Ella,Snake Esports,Tencent LoL Pro League,2016,Spring,5
Ellim,Kwangdong Freecs,LoL Champions Korea,2022,Spring,8
Endless (Xu Hao),Vici Gaming,Tencent LoL Pro League,2016,Spring,7
Endless (Xu Hao),Vici Gaming,Tencent LoL Pro League,2016,Summer,6
Envyy,Liiv SANDBOX,LoL Champions Korea,2023,Spring,4
Faker,SK Telecom T1,LoL Champions Korea,2016,Spring,11
Faker,SK Telecom T1,LoL Champions Korea,2016,Summer,5
Faker,SK Telecom T1,LoL Champions Korea,2017,Spring,3
Faker,SK Telecom T1,LoL Champions Korea,2017,Summer,14
Faker,SK Telecom T1,LoL Champions Korea,2018,Spring,7
Faker,SK Telecom T1,LoL Champions Korea,2019,Spring,6
Faker,SK Telecom T1,LoL Champions Korea,2019,Summer,13
Faker,T1,LoL Champions Korea,2020,Spring,7
Faker,T1,LoL Champions Korea,2020,Summer,2
Faker,T1,LoL Champions Korea,2021,Spring,7
Faker,T1,LoL Champions Korea,2021,Summer,11
Faker,T1,LoL Champions Korea,2022,Spring,7
Faker,T1,LoL Champions Korea,2022,Summer,8
Faker,T1,LoL Champions Korea,2023,Spring,13
Faker,T1,LoL Champions Korea,2023,Summer,22
Faker,T1,LoL Champions Korea,2024,Spring,15
Faker,T1,LoL Champions Korea,2024,Summer,15
FATE (Yoo Su-hyeok),DRX,LoL Champions Korea,2023,Summer,3
FATE (Yoo Su-hyeok),Kwangdong Freecs,LoL Champions Korea,2022,Spring,8
FATE (Yoo Su-hyeok),Liiv SANDBOX,LoL Champions Korea,2021,Summer,3
Feather,ThunderTalk Gaming,Tencent LoL Pro League,2024,Summer,8
Fenfen,LNG Esports,Tencent LoL Pro League,2019,Summer,7
fenfen,Suning,Tencent LoL Pro League,2017,Summer,2
Fireloli,EDward Gaming,Tencent LoL Pro League,2017,Spring,8
Five,Oh My God,Tencent LoL Pro League,2017,Spring,14
Five,Oh My God,Tencent LoL Pro League,2017,Summer,4
Flame,LGD Gaming,Tencent LoL Pro League,2015,Spring,2
Flame,LGD Gaming,Tencent LoL Pro League,2015,Summer,1
Flandre,EDward Gaming,Tencent LoL Pro League,2021,Spring,13
Flandre,EDward Gaming,Tencent LoL Pro League,2021,Summer,16
Flandre,EDward Gaming,Tencent LoL Pro League,2022,Spring,8
Flandre,EDward Gaming,Tencent LoL Pro League,2022,Summer,20
Flandre,JD Gaming,Tencent LoL Pro League,2024,Spring,15
Flandre,JD Gaming,Tencent LoL Pro League,2024,Summer,5
Flandre,LNG Esports,Tencent LoL Pro League,2019,Summer,7
Flandre,Snake Esports,Tencent LoL Pro League,2015,Spring,12
Flandre,Snake Esports,Tencent LoL Pro League,2015,Summer,4
Flandre,Snake Esports,Tencent LoL Pro League,2016,Spring,5
Flandre,Snake Esports,Tencent LoL Pro League,2016,Summer,6
Flandre,Snake Esports,Tencent LoL Pro League,2017,Summer,2
Flandre,Snake Esports,Tencent LoL Pro League,2018,Spring,4
Flawless,JD Gaming,Tencent LoL Pro League,2019,Spring,17
Flawless,Rogue Warriors,Tencent LoL Pro League,2018,Spring,13
Flawless,Rogue Warriors,Tencent LoL Pro League,2018,Summer,4
Fly (Song Yong-jun),Afreeca Freecs,LoL Champions Korea,2020,Summer,6
Fly (Song Yong-jun),Afreeca Freecs,LoL Champions Korea,2021,Summer,4
Fly (Song Yong-jun),Gen.G,LoL Champions Korea,2018,Summer,2
Fly (Song Yong-jun),KT Rolster,LoL Champions Korea,2016,Spring,3
Fly (Song Yong-jun),KT Rolster,LoL Champions Korea,2016,Summer,13
FoFo,Bilibili Gaming,Tencent LoL Pro League,2022,Spring,8
FoFo,EDward Gaming,Tencent LoL Pro League,2023,Spring,12
FoFo,EDward Gaming,Tencent LoL Pro League,2023,Summer,14
FoFo,Rare Atom,Tencent LoL Pro League,2021,Spring,9
FoFo,Rare Atom,Tencent LoL Pro League,2021,Summer,5
FoFo,Team WE,Tencent LoL Pro League,2024,Spring,9
Fury (Lee Jin-yong),Suning,Tencent LoL Pro League,2017,Summer,2
Fury (Lee Jin-yong),Suning,Tencent LoL Pro League,2018,Summer,4
GALA,LNG Esports,Tencent LoL Pro League,2023,Summer,23
GALA,LNG Esports,Tencent LoL Pro League,2024,Spring,5
GALA,LNG Esports,Tencent LoL Pro League,2024,Summer,8
GALA,Royal Never Give Up,Tencent LoL Pro League,2021,Spring,17
GALA,Royal Never Give Up,Tencent LoL Pro League,2021,Summer,4
GALA,Royal Never Give Up,Tencent LoL Pro League,2022,Spring,14
GALA,Royal Never Give Up,Tencent LoL Pro League,2022,Summer,4
GALA,Royal Never Give Up,Tencent LoL Pro League,2023,Spring,8
GALA,SinoDragon Gaming,Tencent LoL Pro League,2019,Spring,6
Ghost (Jang Yong-jun),DAMWON Gaming,LoL Champions Korea,2020,Spring,8
Ghost (Jang Yong-jun),DAMWON Gaming,LoL Champions Korea,2020,Summer,3
Ghost (Jang Yong-jun),DWG KIA,LoL Champions Korea,2021,Spring,6
Ghost (Jang Yong-jun),DWG KIA,LoL Champions Korea,2021,Summer,7
Ghost (Jang Yong-jun),SANDBOX Gaming,LoL Champions Korea,2019,Spring,3
Ghost (Jang Yong-jun),SANDBOX Gaming,LoL Champions Korea,2019,Summer,3
GimGoon,FunPlus Phoenix,Tencent LoL Pro League,2018,Summer,3
GimGoon,FunPlus Phoenix,Tencent LoL Pro League,2019,Spring,9
GimGoon,FunPlus Phoenix,Tencent LoL Pro League,2019,Summer,8
GimGoon,FunPlus Phoenix,Tencent LoL Pro League,2020,Spring,7
GimGoon,FunPlus Phoenix,Tencent LoL Pro League,2020,Summer,4
GimGoon,Game Talents,Tencent LoL Pro League,2016,Summer,3
glfs,Invictus Gaming,Tencent LoL Pro League,2024,Summer,5
GODV (Wei Zhen),LGD Gaming,Tencent LoL Pro League,2015,Summer,16
Gogoing,Oh My God,Tencent LoL Pro League,2015,Spring,3
gogoing,Oh My God,Tencent LoL Pro League,2015,Summer,7
Gori,Nongshim RedForce,LoL Champions Korea,2021,Summer,7
GorillA,Kingzone DragonX,LoL Champions Korea,2018,Spring,4
GorillA,Kingzone DragonX,LoL Champions Korea,2018,Summer,4
GorillA,Longzhu Gaming,LoL Champions Korea,2017,Summer,4
GorillA,ROX Tigers,LoL Champions Korea,2016,Spring,4
GorillA,ROX Tigers,LoL Champions Korea,2016,Summer,5
Grizzly,Hanwha Life Esports,LoL Champions Korea,2023,Summer,9
Gumayusi,T1,LoL Champions Korea,2021,Summer,2
Gumayusi,T1,LoL Champions Korea,2022,Spring,7
Gumayusi,T1,LoL Champions Korea,2022,Summer,8
Gumayusi,T1,LoL Champions Korea,2023,Spring,13
Gumayusi,T1,LoL Champions Korea,2023,Summer,22
Gumayusi,T1,LoL Champions Korea,2024,Spring,15
Gumayusi,T1,LoL Champions Korea,2024,Summer,15
Guoguo,Snake Esports,Tencent LoL Pro League,2017,Summer,1
Guoguo,Snake Esports,Tencent LoL Pro League,2018,Spring,4
H4cker,Suning,Tencent LoL Pro League,2017,Summer,2
H4cker,Suning,Tencent LoL Pro League,2018,Summer,4
H4cker,Suning,Tencent LoL Pro League,2019,Summer,4
Hachani,KT Rolster,LoL Champions Korea,2016,Spring,3
Hachani,KT Rolster,LoL Champions Korea,2016,Summer,13
haichao,LGD Gaming,Tencent LoL Pro League,2024,Summer,9
Hang,FunPlus Phoenix,Tencent LoL Pro League,2022,Spring,4
Hang,FunPlus Phoenix,Tencent LoL Pro League,2022,Summer,9
Hang,LNG Esports,Tencent LoL Pro League,2023,Spring,4
Hang,LNG Esports,Tencent LoL Pro League,2023,Summer,23
Hang,LNG Esports,Tencent LoL Pro League,2024,Spring,5
Hang,LNG Esports,Tencent LoL Pro League,2024,Summer,8
Hang,Rare Atom,Tencent LoL Pro League,2021,Spring,9
Hang,Rare Atom,Tencent LoL Pro League,2021,Summer,5
Haro,EDward Gaming,Tencent LoL Pro League,2018,Spring,5
Haro,EDward Gaming,Tencent LoL Pro League,2018,Summer,2
Haro,EDward Gaming,Tencent LoL Pro League,2019,Spring,2
Haru,Samsung Galaxy,LoL Champions Korea,2017,Spring,2
Haru,Samsung Galaxy,LoL Champions Korea,2017,Summer,2
Helper (Kwon Yeong-jae),Samsung Galaxy,LoL Champions Korea,2016,Summer,1
Hena,BNK FEARX,LoL Champions Korea,2024,Summer,4
Hena,Fredit BRION,LoL Champions Korea,2022,Spring,3
Heng,Team WE,Tencent LoL Pro League,2023,Spring,4
Heng,Team WE,Tencent LoL Pro League,2023,Summer,4
Heng,Team WE,Tencent LoL Pro League,2024,Spring,9
Hery,Oh My God,Tencent LoL Pro League,2024,Summer,3
Hetong,Vici Gaming,Tencent LoL Pro League,2015,Spring,4
Hoit,DAMWON Gaming,LoL Champions Korea,2019,Spring,1
Hoit,Kwangdong Freecs,LoL Champions Korea,2022,Spring,8
Holder,Rogue Warriors,Tencent LoL Pro League,2018,Summer,3
Hope (Wang Jie),Anyone's Legend,Tencent LoL Pro League,2024,Summer,8
Hope (Wang Jie),EDward Gaming,Tencent LoL Pro League,2020,Spring,8
Hope (Wang Jie),JD Gaming,Tencent LoL Pro League,2022,Spring,14
Hope (Wang Jie),JD Gaming,Tencent LoL Pro League,2022,Summer,13
Hope (Wang Jie),Team WE,Tencent LoL Pro League,2023,Spring,4
Hope (Wang Jie),Team WE,Tencent LoL Pro League,2023,Summer,4
Hoya,DWG KIA,LoL Champions Korea,2022,Spring,3
HOYA,ThunderTalk Gaming,Tencent LoL Pro League,2023,Spring,4
HOYA,ThunderTalk Gaming,Tencent LoL Pro League,2024,Summer,8
huanfeng,Suning,Tencent LoL Pro League,2020,Summer,10
huanfeng,Suning,Tencent LoL Pro League,2021,Spring,10
huanfeng,Suning,Tencent LoL Pro League,2021,Summer,5
huanfeng,ThunderTalk Gaming,Tencent LoL Pro League,2023,Spring,4
huanfeng,Weibo Gaming,Tencent LoL Pro League,2022,Spring,9
huanfeng,Weibo Gaming,Tencent LoL Pro League,2022,Summer,4
Hudie,Snake Esports,Tencent LoL Pro League,2017,Summer,2
Hudie,Snake Esports,Tencent LoL Pro League,2018,Spring,4
Huni,SK Telecom T1,LoL Champions Korea,2017,Spring,3
Huni,SK Telecom T1,LoL Champions Korea,2017,Summer,2
Ian,MVP,LoL Champions Korea,2017,Spring,5
iBoy,EDward Gaming,Tencent LoL Pro League,2017,Summer,10
iBoy,EDward Gaming,Tencent LoL Pro League,2018,Spring,8
iBoy,EDward Gaming,Tencent LoL Pro League,2018,Summer,4
iBoy,EDward Gaming,Tencent LoL Pro League,2019,Spring,3
iBoy,EDward Gaming,Tencent LoL Pro League,2019,Summer,9
iBoy,Rare Atom,Tencent LoL Pro League,2021,Spring,9
iBoy,Rare Atom,Tencent LoL Pro League,2021,Summer,5
iBoy,Rare Atom,Tencent LoL Pro League,2022,Spring,4
icon,Bilibili Gaming,Tencent LoL Pro League,2022,Summer,4
icon,LNG Esports,Tencent LoL Pro League,2021,Spring,3
icon,LNG Esports,Tencent LoL Pro League,2021,Summer,20
Icon,Oh My God,Tencent LoL Pro League,2017,Spring,14
Icon,Oh My God,Tencent LoL Pro League,2017,Summer,4
ikssu,Afreeca Freecs,LoL Champions Korea,2016,Spring,2
ikssu,Afreeca Freecs,LoL Champions Korea,2016,Summer,2
Imp,JD Gaming,Tencent LoL Pro League,2019,Spring,17
imp,LGD Gaming,Tencent LoL Pro League,2015,Spring,11
imp,LGD Gaming,Tencent LoL Pro League,2015,Summer,16
imp,LGD Gaming,Tencent LoL Pro League,2016,Spring,3
Invincible,Ninjas in Pyjamas.CN,Tencent LoL Pro League,2023,Summer,8
Iwandy,LNG Esports,Tencent LoL Pro League,2021,Spring,3
Iwandy,LNG Esports,Tencent LoL Pro League,2021,Summer,20
Iwandy,LNG Esports,Tencent LoL Pro League,2022,Spring,3
Iwandy,Team WE,Tencent LoL Pro League,2023,Spring,4
Iwandy,Team WE,Tencent LoL Pro League,2023,Summer,4
Iwandy,Team WE,Tencent LoL Pro League,2024,Spring,9
JackeyLove,Invictus Gaming,Tencent LoL Pro League,2018,Spring,9
JackeyLove,Invictus Gaming,Tencent LoL Pro League,2018,Summer,10
JackeyLove,Invictus Gaming,Tencent LoL Pro League,2019,Spring,7
JackeyLove,Invictus Gaming,Tencent LoL Pro League,2019,Summer,3
JackeyLove,Top Esports,Tencent LoL Pro League,2020,Spring,13
JackeyLove,Top Esports,Tencent LoL Pro League,2020,Summer,8
JackeyLove,Top Esports,Tencent LoL Pro League,2021,Spring,12
JackeyLove,Top Esports,Tencent LoL Pro League,2021,Summer,4
JackeyLove,Top Esports,Tencent LoL Pro League,2022,Spring,25
JackeyLove,Top Esports,Tencent LoL Pro League,2022,Summer,18
JackeyLove,Top Esports,Tencent LoL Pro League,2023,Spring,9
JackeyLove,Top Esports,Tencent LoL Pro League,2023,Summer,13
JackeyLove,Top Esports,Tencent LoL Pro League,2024,Spring,16
JackeyLove,Top Esports,Tencent LoL Pro League,2024,Summer,16
Jiejie,EDward Gaming,Tencent LoL Pro League,2019,Summer,9
Jiejie,EDward Gaming,Tencent LoL Pro League,2020,Spring,3
Jiejie,EDward Gaming,Tencent LoL Pro League,2021,Spring,13
Jiejie,EDward Gaming,Tencent LoL Pro League,2021,Summer,13
Jiejie,EDward Gaming,Tencent LoL Pro League,2022,Spring,8
Jiejie,EDward Gaming,Tencent LoL Pro League,2022,Summer,16
JieJie,EDward Gaming,Tencent LoL Pro League,2023,Spring,12
JieJie,EDward Gaming,Tencent LoL Pro League,2023,Summer,14
Jiekou,Oh My God,Tencent LoL Pro League,2017,Summer,1
Jiezou,Snake Esports,Tencent LoL Pro League,2016,Summer,6
Jinjiao,Bilibili Gaming,Tencent LoL Pro League,2018,Spring,7
Jinjiao,Bilibili Gaming,Tencent LoL Pro League,2019,Summer,12
Jinjiao,I May,Tencent LoL Pro League,2016,Summer,15
Jinjiao,I May,Tencent LoL Pro League,2017,Spring,9
Jinjiao,LGD Gaming,Tencent LoL Pro League,2024,Summer,9
Jinoo,EDward Gaming,Tencent LoL Pro League,2019,Summer,9
Jiumeng,Team WE,Tencent LoL Pro League,2020,Spring,8
Jiumeng,Team WE,Tencent LoL Pro League,2020,Summer,4
Jiumeng,Team WE,Tencent LoL Pro League,2021,Spring,3
Joker (Cho Jae-eup),SANDBOX Gaming,LoL Champions Korea,2019,Spring,3
Joker (Cho Jae-eup),SANDBOX Gaming,LoL Champions Korea,2019,Summer,3
JunJia,EDward Gaming,Tencent LoL Pro League,2020,Spring,5
JunJia,EDward Gaming,Tencent LoL Pro League,2021,Summer,3
JunJia,EDward Gaming,Tencent LoL Pro League,2022,Summer,4
Jwei,Rare Atom,Tencent LoL Pro League,2024,Summer,3
Kabe,QG Reapers,Tencent LoL Pro League,2017,Spring,4
Kael (Kim Jin-hong),Anyone's Legend,Tencent LoL Pro League,2024,Summer,8
Kael (Kim Jin-hong),Liiv SANDBOX,LoL Champions Korea,2022,Summer,8
Kael (Kim Jin-hong),Liiv SANDBOX,LoL Champions Korea,2023,Spring,4
KaKAO,Invictus Gaming,Tencent LoL Pro League,2015,Spring,11
KaKAO,Invictus Gaming,Tencent LoL Pro League,2015,Summer,14
Kanavi,JD Gaming,Tencent LoL Pro League,2020,Spring,8
Kanavi,JD Gaming,Tencent LoL Pro League,2020,Summer,9
Kanavi,JD Gaming,Tencent LoL Pro League,2021,Spring,4
Kanavi,JD Gaming,Tencent LoL Pro League,2022,Spring,14
Kanavi,JD Gaming,Tencent LoL Pro League,2022,Summer,13
Kanavi,JD Gaming,Tencent LoL Pro League,2023,Spring,12
Kanavi,JD Gaming,Tencent LoL Pro League,2023,Summer,13
Kanavi,JD Gaming,Tencent LoL Pro League,2024,Spring,15
Kanavi,JD Gaming,Tencent LoL Pro League,2024,Summer,5
Karsa,Royal Never Give Up,Tencent LoL Pro League,2018,Spring,1
Karsa,Royal Never Give Up,Tencent LoL Pro League,2018,Summer,9
Karsa,Royal Never Give Up,Tencent LoL Pro League,2019,Spring,5
Karsa,Royal Never Give Up,Tencent LoL Pro League,2019,Summer,12
Karsa,Top Esports,Tencent LoL Pro League,2020,Spring,13
Karsa,Top Esports,Tencent LoL Pro League,2020,Summer,8
Karsa,Top Esports,Tencent LoL Pro League,2021,Spring,12
Karsa,Top Esports,Tencent LoL Pro League,2021,Summer,4
Karsa,Victory Five,Tencent LoL Pro League,2022,Spring,13
Karsa,Victory Five,Tencent LoL Pro League,2022,Summer,2
Karsa,Weibo Gaming,Tencent LoL Pro League,2023,Spring,3
Kellin,Dplus Kia,LoL Champions Korea,2023,Spring,4
Kellin,Dplus Kia,LoL Champions Korea,2023,Summer,4
Kellin,Dplus Kia,LoL Champions Korea,2024,Spring,13
Kellin,DWG KIA,LoL Champions Korea,2022,Spring,8
Kellin,DWG KIA,LoL Champions Korea,2022,Summer,10
Kellin,Nongshim RedForce,LoL Champions Korea,2021,Spring,5
Kellin,Nongshim RedForce,LoL Champions Korea,2021,Summer,7
Keria,DragonX,LoL Champions Korea,2020,Spring,9
Keria,DRX,LoL Champions Korea,2020,Summer,8
Keria,T1,LoL Champions Korea,2021,Spring,7
Keria,T1,LoL Champions Korea,2021,Summer,11
Keria,T1,LoL Champions Korea,2022,Spring,7
Keria,T1,LoL Champions Korea,2022,Summer,8
Keria,T1,LoL Champions Korea,2023,Spring,13
Keria,T1,LoL Champions Korea,2023,Summer,22
Keria,T1,LoL Champions Korea,2024,Spring,15
Keria,T1,LoL Champions Korea,2024,Summer,15
Khan,DWG KIA,LoL Champions Korea,2021,Spring,6
Khan,DWG KIA,LoL Champions Korea,2021,Summer,7
Khan,FunPlus Phoenix,Tencent LoL Pro League,2020,Spring,3
Khan,Kingzone DragonX,LoL Champions Korea,2018,Spring,4
Khan,Kingzone DragonX,LoL Champions Korea,2018,Summer,4
Khan,Longzhu Gaming,LoL Champions Korea,2017,Summer,4
Khan,SK Telecom T1,LoL Champions Korea,2019,Spring,6
Khan,SK Telecom T1,LoL Champions Korea,2019,Summer,13
Kid,Invictus Gaming,Tencent LoL Pro League,2015,Spring,11
Kid,Invictus Gaming,Tencent LoL Pro League,2015,Summer,14
Kid,Invictus Gaming,Tencent LoL Pro League,2016,Spring,2
Kid,Invictus Gaming,Tencent LoL Pro League,2016,Summer,2
KidKid,Invictus Gaming,Tencent LoL Pro League,2017,Spring,3
KidKid,Invictus Gaming,Tencent LoL Pro League,2017,Summer,2
Kiin,Afreeca Freecs,LoL Champions Korea,2018,Spring,8
Kiin,Afreeca Freecs,LoL Champions Korea,2018,Summer,11
Kiin,Afreeca Freecs,LoL Champions Korea,2019,Summer,3
Kiin,Afreeca Freecs,LoL Champions Korea,2020,Summer,6
Kiin,Afreeca Freecs,LoL Champions Korea,2021,Summer,4
Kiin,Gen.G,LoL Champions Korea,2024,Spring,14
Kiin,Gen.G,LoL Champions Korea,2024,Summer,12
Kiin,KT Rolster,LoL Champions Korea,2023,Spring,17
Kiin,KT Rolster,LoL Champions Korea,2023,Summer,13
Kiin,Kwangdong Freecs,LoL Champions Korea,2022,Spring,8
Killua,LGD Gaming,Tencent LoL Pro League,2020,Summer,3
Killua,Rogue Warriors,Tencent LoL Pro League,2018,Spring,13
Killua,Rogue Warriors,Tencent LoL Pro League,2018,Summer,7
Kingen,Dplus Kia,LoL Champions Korea,2024,Spring,13
Kingen,Dplus Kia,LoL Champions Korea,2024,Summer,11
Kingen,DRX,LoL Champions Korea,2021,Spring,4
Kingen,DRX,LoL Champions Korea,2022,Spring,5
Kingen,DRX,LoL Champions Korea,2022,Summer,4
Kingen,Hanwha Life Esports,LoL Champions Korea,2023,Spring,12
Kingen,Hanwha Life Esports,LoL Champions Korea,2023,Summer,9
Kitties,Invictus Gaming,Tencent LoL Pro League,2015,Spring,11
Kitties,Invictus Gaming,Tencent LoL Pro League,2015,Summer,14
Kiwi,Rogue Warriors,Tencent LoL Pro League,2018,Summer,3
knight (Zhuo Ding),Bilibili Gaming,Tencent LoL Pro League,2024,Spring,13
knight (Zhuo Ding),Bilibili Gaming,Tencent LoL Pro League,2024,Summer,10
knight (Zhuo Ding),JD Gaming,Tencent LoL Pro League,2023,Spring,12
knight (Zhuo Ding),JD Gaming,Tencent LoL Pro League,2023,Summer,13
knight (Zhuo Ding),Top Esports,Tencent LoL Pro League,2020,Spring,13
Knight (Zhuo Ding),Top Esports,Tencent LoL Pro League,2020,Summer,8
knight (Zhuo Ding),Top Esports,Tencent LoL Pro League,2021,Spring,12
knight (Zhuo Ding),Top Esports,Tencent LoL Pro League,2021,Summer,4
knight (Zhuo Ding),Top Esports,Tencent LoL Pro League,2022,Spring,25
knight (Zhuo Ding),Top Esports,Tencent LoL Pro League,2022,Summer,18
Knight9,Top Esports,Tencent LoL Pro League,2019,Summer,7
Knight9,Topsports Gaming,Tencent LoL Pro League,2019,Spring,11
Koro1,EDward Gaming,Tencent LoL Pro League,2015,Spring,13
Koro1,EDward Gaming,Tencent LoL Pro League,2015,Summer,7
Koro1,EDward Gaming,Tencent LoL Pro League,2016,Spring,7
Koro1,EDward Gaming,Tencent LoL Pro League,2017,Spring,4
Kramer,Afreeca Freecs,LoL Champions Korea,2017,Spring,2
Kramer,Afreeca Freecs,LoL Champions Korea,2017,Summer,2
Kramer,Afreeca Freecs,LoL Champions Korea,2018,Spring,8
Kramer,Afreeca Freecs,LoL Champions Korea,2018,Summer,11
Kramer,LGD Gaming,Tencent LoL Pro League,2020,Summer,14
kRYST4L,Snake Esports,Tencent LoL Pro League,2015,Spring,12
kRYST4L,Snake Esports,Tencent LoL Pro League,2016,Spring,5
kRYST4L,Snake Esports,Tencent LoL Pro League,2016,Summer,2
kRYST4L,Snake Esports,Tencent LoL Pro League,2017,Summer,2
kRYST4L,Snake Esports,Tencent LoL Pro League,2018,Spring,4
Kuro,Afreeca Freecs,LoL Champions Korea,2017,Spring,2
Kuro,Afreeca Freecs,LoL Champions Korea,2017,Summer,2
Kuro,Afreeca Freecs,LoL Champions Korea,2018,Spring,8
Kuro,Afreeca Freecs,LoL Champions Korea,2018,Summer,11
Kuro,Bilibili Gaming,Tencent LoL Pro League,2019,Summer,12
Kuro,KT Rolster,LoL Champions Korea,2020,Spring,3
Kuro,ROX Tigers,LoL Champions Korea,2016,Spring,4
Kuro,ROX Tigers,LoL Champions Korea,2016,Summer,5
Kuzan,Jin Air Green Wings,LoL Champions Korea,2016,Spring,6
Langx,LGD Gaming,Tencent LoL Pro League,2020,Summer,14
Langx,Royal Never Give Up,Tencent LoL Pro League,2019,Summer,12
Langx,Royal Never Give Up,Tencent LoL Pro League,2020,Spring,4
Lava,Fredit BRION,LoL Champions Korea,2022,Spring,3
Leave,EDward Gaming,Tencent LoL Pro League,2023,Spring,12
Lehends,Afreeca Freecs,LoL Champions Korea,2021,Summer,4
Lehends,Gen.G,LoL Champions Korea,2022,Spring,9
Lehends,Gen.G,LoL Champions Korea,2022,Summer,7
Lehends,Gen.G,LoL Champions Korea,2024,Spring,14
Lehends,Gen.G,LoL Champions Korea,2024,Summer,12
Lehends,Griffin (Korean Team),LoL Champions Korea,2018,Summer,10
Lehends,Griffin (Korean Team),LoL Champions Korea,2019,Spring,3
Lehends,Griffin (Korean Team),LoL Champions Korea,2019,Summer,4
Lehends,KT Rolster,LoL Champions Korea,2023,Spring,17
Lehends,KT Rolster,LoL Champions Korea,2023,Summer,13
Lele (Dang Bo-Lin),Royal Never Give Up,Tencent LoL Pro League,2023,Summer,2
Leo (Han Gyeo-re),Afreeca Freecs,LoL Champions Korea,2021,Summer,4
Letme,Royal Never Give Up,Tencent LoL Pro League,2017,Spring,7
Letme,Royal Never Give Up,Tencent LoL Pro League,2017,Summer,10
Letme,Royal Never Give Up,Tencent LoL Pro League,2018,Spring,10
Letme,Royal Never Give Up,Tencent LoL Pro League,2018,Summer,12
Leyan,Invictus Gaming,Tencent LoL Pro League,2019,Summer,1
Leyan,Invictus Gaming,Tencent LoL Pro League,2020,Spring,4
Leyan,Invictus Gaming,Tencent LoL Pro League,2024,Spring,3
Leyan,Ninjas in Pyjamas.CN,Tencent LoL Pro League,2024,Summer,16
Leyan,Rare Atom,Tencent LoL Pro League,2021,Spring,9
Leyan,Rare Atom,Tencent LoL Pro League,2021,Summer,5
Leyan,Rare Atom,Tencent LoL Pro League,2022,Spring,4
Leyn,Team King,Tencent LoL Pro League,2015,Spring,5
Lies (Guo Hao-Tian),Topsports Gaming,Tencent LoL Pro League,2018,Summer,2
Life,FunPlus Phoenix,Tencent LoL Pro League,2024,Spring,4
Life,FunPlus Phoenix,Tencent LoL Pro League,2024,Summer,9
Life,Gen.G,LoL Champions Korea,2020,Spring,3
Life,Gen.G,LoL Champions Korea,2020,Summer,8
Life,Gen.G,LoL Champions Korea,2021,Spring,6
Life,Gen.G,LoL Champions Korea,2021,Summer,4
Life,Hanwha Life Esports,LoL Champions Korea,2023,Spring,12
Life,Hanwha Life Esports,LoL Champions Korea,2023,Summer,9
Life,KT Rolster,LoL Champions Korea,2022,Summer,5
Light (Wang Guang-Yu),LNG Esports,Tencent LoL Pro League,2021,Spring,3
Light (Wang Guang-Yu),LNG Esports,Tencent LoL Pro League,2021,Summer,20
Light (Wang Guang-Yu),LNG Esports,Tencent LoL Pro League,2022,Spring,3
Light (Wang Guang-Yu),LNG Esports,Tencent LoL Pro League,2022,Summer,20
Light (Wang Guang-Yu),Weibo Gaming,Tencent LoL Pro League,2023,Spring,3
Light (Wang Guang-Yu),Weibo Gaming,Tencent LoL Pro League,2023,Summer,9
Light (Wang Guang-Yu),Weibo Gaming,Tencent LoL Pro League,2024,Spring,13
Light (Wang Guang-Yu),Weibo Gaming,Tencent LoL Pro League,2024,Summer,20
LirA,Afreeca Freecs,LoL Champions Korea,2016,Spring,2
LirA,Afreeca Freecs,LoL Champions Korea,2016,Summer,2
Loken,JD Gaming,Tencent LoL Pro League,2018,Spring,2
LokeN,JD Gaming,Tencent LoL Pro League,2018,Summer,15
LokeN,JD Gaming,Tencent LoL Pro League,2020,Spring,8
LokeN,JD Gaming,Tencent LoL Pro League,2020,Summer,9
LokeN,JD Gaming,Tencent LoL Pro League,2021,Spring,4
LokeN,Top Esports,Tencent LoL Pro League,2019,Summer,7
LokeN,Topsports Gaming,Tencent LoL Pro League,2019,Spring,11
Loong,Vici Gaming,Tencent LoL Pro League,2016,Spring,7
Loong,Vici Gaming,Tencent LoL Pro League,2016,Summer,9
Looper,Masters 3,Tencent LoL Pro League,2015,Summer,3
Looper,Royal Never Give Up,Tencent LoL Pro League,2016,Spring,9
Looper,Royal Never Give Up,Tencent LoL Pro League,2016,Summer,8
Lovecd,Masters 3,Tencent LoL Pro League,2015,Summer,3
LoveLing,Oh My God,Tencent LoL Pro League,2015,Spring,3
LoveLing,Oh My God,Tencent LoL Pro League,2015,Summer,7
LP,LNG Esports,Tencent LoL Pro League,2023,Spring,4
LP,Royal Never Give Up,Tencent LoL Pro League,2023,Summer,4
Lucas (Li Tan-Pan-Ao),Invictus Gaming,Tencent LoL Pro League,2021,Spring,5
Lucid (Choi Yong-hyeok),Dplus Kia,LoL Champions Korea,2024,Spring,13
Lucid (Choi Yong-hyeok),Dplus Kia,LoL Champions Korea,2024,Summer,11
LvMao,JD Gaming,Tencent LoL Pro League,2018,Spring,2
LvMao,JD Gaming,Tencent LoL Pro League,2018,Summer,15
LvMao,JD Gaming,Tencent LoL Pro League,2019,Spring,17
LvMao,JD Gaming,Tencent LoL Pro League,2020,Spring,8
LvMao,JD Gaming,Tencent LoL Pro League,2020,Summer,9
LvMao,JD Gaming,Tencent LoL Pro League,2021,Spring,4
LvMao,LNG Esports,Tencent LoL Pro League,2022,Summer,20
LvMao,Royal Never Give Up,Tencent LoL Pro League,2023,Summer,2
Lwx,FunPlus Phoenix,Tencent LoL Pro League,2018,Summer,3
Lwx,FunPlus Phoenix,Tencent LoL Pro League,2019,Spring,9
Lwx,FunPlus Phoenix,Tencent LoL Pro League,2019,Summer,8
Lwx,FunPlus Phoenix,Tencent LoL Pro League,2020,Spring,10
Lwx,FunPlus Phoenix,Tencent LoL Pro League,2020,Summer,4
Lwx,FunPlus Phoenix,Tencent LoL Pro League,2021,Spring,20
Lwx,FunPlus Phoenix,Tencent LoL Pro League,2021,Summer,10
Lwx,FunPlus Phoenix,Tencent LoL Pro League,2022,Spring,4
Lwx,FunPlus Phoenix,Tencent LoL Pro League,2022,Summer,9
Lwx,Newbee,Tencent LoL Pro League,2017,Spring,6
Lwx,Newbee,Tencent LoL Pro League,2017,Summer,5
M1kuya,LNG Esports,Tencent LoL Pro League,2021,Spring,3
Magic (Zhou Jun-Xuan),Team WE,Tencent LoL Pro League,2018,Spring,2
MaHa,MVP,LoL Champions Korea,2017,Spring,5
Maple (Huang Yi-Tang),Suning,Tencent LoL Pro League,2019,Summer,4
Marge,Invictus Gaming,Tencent LoL Pro League,2016,Summer,2
MaRin,Afreeca Freecs,LoL Champions Korea,2017,Spring,2
MaRin,Afreeca Freecs,LoL Champions Korea,2017,Summer,2
MaRin,LGD Gaming,Tencent LoL Pro League,2016,Spring,3
Mark (Ling Xu),LGD Gaming,Tencent LoL Pro League,2020,Summer,11
Mark (Ling Xu),SinoDragon Gaming,Tencent LoL Pro League,2019,Spring,6
Mark (Ling Xu),Top Esports,Tencent LoL Pro League,2022,Spring,25
Mark (Ling Xu),Top Esports,Tencent LoL Pro League,2022,Summer,18
Mark (Ling Xu),Top Esports,Tencent LoL Pro League,2023,Spring,9
Mark (Ling Xu),Top Esports,Tencent LoL Pro League,2023,Summer,13
Martin (Tan Qi),Snake Esports,Tencent LoL Pro League,2015,Summer,4
Martin (Tan Qi),Snake Esports,Tencent LoL Pro League,2016,Summer,4
Mata,KT Rolster,LoL Champions Korea,2017,Spring,9
Mata,KT Rolster,LoL Champions Korea,2017,Summer,5
Mata,KT Rolster,LoL Champions Korea,2018,Spring,8
Mata,KT Rolster,LoL Champions Korea,2018,Summer,5
Mata,Royal Never Give Up,Tencent LoL Pro League,2016,Spring,9
Mata,Royal Never Give Up,Tencent LoL Pro League,2016,Summer,8
Mata,SK Telecom T1,LoL Champions Korea,2019,Spring,6
Mata,Vici Gaming,Tencent LoL Pro League,2015,Spring,4
Mata,Vici Gaming,Tencent LoL Pro League,2015,Summer,13
Max (Jeong Jong-bin),MVP,LoL Champions Korea,2017,Spring,5
Megan,Invictus Gaming,Tencent LoL Pro League,2017,Spring,3
Megan,Invictus Gaming,Tencent LoL Pro League,2017,Summer,16
meiko,EDward Gaming,Tencent LoL Pro League,2015,Spring,13
Meiko,EDward Gaming,Tencent LoL Pro League,2015,Summer,7
Meiko,EDward Gaming,Tencent LoL Pro League,2016,Spring,7
Meiko,EDward Gaming,Tencent LoL Pro League,2016,Summer,8
Meiko,EDward Gaming,Tencent LoL Pro League,2017,Spring,12
Meiko,EDward Gaming,Tencent LoL Pro League,2017,Summer,10
Meiko,EDward Gaming,Tencent LoL Pro League,2018,Spring,8
Meiko,EDward Gaming,Tencent LoL Pro League,2018,Summer,4
Meiko,EDward Gaming,Tencent LoL Pro League,2019,Spring,3
Meiko,EDward Gaming,Tencent LoL Pro League,2019,Summer,9
Meiko,EDward Gaming,Tencent LoL Pro League,2020,Spring,8
Meiko,EDward Gaming,Tencent LoL Pro League,2021,Spring,13
Meiko,EDward Gaming,Tencent LoL Pro League,2021,Summer,16
Meiko,EDward Gaming,Tencent LoL Pro League,2022,Spring,8
Meiko,EDward Gaming,Tencent LoL Pro League,2022,Summer,20
Meiko,EDward Gaming,Tencent LoL Pro League,2023,Spring,12
Meiko,EDward Gaming,Tencent LoL Pro League,2023,Summer,14
Meiko,Top Esports,Tencent LoL Pro League,2024,Spring,16
Meiko,Top Esports,Tencent LoL Pro League,2024,Summer,16
Meteor,Bilibili Gaming,Tencent LoL Pro League,2019,Summer,12
Meteor,LGD Gaming,Tencent LoL Pro League,2024,Summer,9
Mickey (Son Young-min),Afreeca Freecs,LoL Champions Korea,2016,Spring,2
Mickey (Son Young-min),Afreeca Freecs,LoL Champions Korea,2016,Summer,2
milkyway,FunPlus Phoenix,Tencent LoL Pro League,2024,Spring,4
milkyway,FunPlus Phoenix,Tencent LoL Pro League,2024,Summer,9
ming (Shi Sen-Ming),Royal Never Give Up,Tencent LoL Pro League,2017,Spring,7
ming (Shi Sen-Ming),Royal Never Give Up,Tencent LoL Pro League,2017,Summer,10
Ming (Shi Sen-Ming),Royal Never Give Up,Tencent LoL Pro League,2018,Spring,15
Ming (Shi Sen-Ming),Royal Never Give Up,Tencent LoL Pro League,2018,Summer,13
Ming (Shi Sen-Ming),Royal Never Give Up,Tencent LoL Pro League,2019,Spring,5
Ming (Shi Sen-Ming),Royal Never Give Up,Tencent LoL Pro League,2019,Summer,12
Ming (Shi Sen-Ming),Royal Never Give Up,Tencent LoL Pro League,2020,Spring,4
Ming (Shi Sen-Ming),Royal Never Give Up,Tencent LoL Pro League,2021,Spring,17
Ming (Shi Sen-Ming),Royal Never Give Up,Tencent LoL Pro League,2021,Summer,4
Ming (Shi Sen-Ming),Royal Never Give Up,Tencent LoL Pro League,2022,Spring,14
Ming (Shi Sen-Ming),Royal Never Give Up,Tencent LoL Pro League,2022,Summer,4
Ming (Shi Sen-Ming),Royal Never Give Up,Tencent LoL Pro League,2023,Spring,8
Missing,JD Gaming,Tencent LoL Pro League,2022,Spring,14
Missing,JD Gaming,Tencent LoL Pro League,2022,Summer,13
MISSING,JD Gaming,Tencent LoL Pro League,2023,Spring,12
MISSING,JD Gaming,Tencent LoL Pro League,2023,Summer,13
MISSING,JD Gaming,Tencent LoL Pro League,2024,Spring,15
MISSING,JD Gaming,Tencent LoL Pro League,2024,Summer,5
Missing,Team WE,Tencent LoL Pro League,2019,Spring,4
Missing,Team WE,Tencent LoL Pro League,2020,Spring,8
Missing,Team WE,Tencent LoL Pro League,2020,Summer,4
Missing,Team WE,Tencent LoL Pro League,2021,Spring,3
Missing,Team WE,Tencent LoL Pro League,2021,Summer,22
Mlxg,Royal Never Give Up,Tencent LoL Pro League,2016,Spring,9
Mlxg,Royal Never Give Up,Tencent LoL Pro League,2016,Summer,8
Mlxg,Royal Never Give Up,Tencent LoL Pro League,2017,Spring,7
Mlxg,Royal Never Give Up,Tencent LoL Pro League,2017,Summer,10
Mlxg,Royal Never Give Up,Tencent LoL Pro League,2018,Spring,14
Mlxg,Royal Never Give Up,Tencent LoL Pro League,2018,Summer,4
Mlxg,Team King,Tencent LoL Pro League,2015,Spring,5
Moham,Dplus Kia,LoL Champions Korea,2024,Summer,11
Mole,Bilibili Gaming,Tencent LoL Pro League,2018,Spring,7
Mole,Victory Five,Tencent LoL Pro League,2020,Summer,8
Mor,Newbee,Tencent LoL Pro League,2017,Spring,6
Mor,Qiao Gu Reapers,Tencent LoL Pro League,2016,Spring,3
Morgan,Fredit BRION,LoL Champions Korea,2022,Spring,3
Morgan,Hanwha Life Esports,LoL Champions Korea,2021,Spring,8
Morgan,Team WE,Tencent LoL Pro League,2020,Spring,8
Morgan,Team WE,Tencent LoL Pro League,2020,Summer,4
Mouse,EDward Gaming,Tencent LoL Pro League,2016,Summer,8
Mouse,EDward Gaming,Tencent LoL Pro League,2017,Spring,8
Mouse,EDward Gaming,Tencent LoL Pro League,2017,Summer,10
Mouse,Rogue Warriors,Tencent LoL Pro League,2018,Spring,13
Mouse,Rogue Warriors,Tencent LoL Pro League,2018,Summer,4
Mowgli,Afreeca Freecs,LoL Champions Korea,2018,Spring,5
Moyu,Topsports Gaming,Tencent LoL Pro League,2018,Summer,6
Moyu,Topsports Gaming,Tencent LoL Pro League,2019,Spring,5
Mystic,Afreeca Freecs,LoL Champions Korea,2020,Summer,6
Mystic,Team WE,Tencent LoL Pro League,2015,Spring,5
Mystic,Team WE,Tencent LoL Pro League,2016,Spring,12
Mystic,Team WE,Tencent LoL Pro League,2016,Summer,13
Mystic,Team WE,Tencent LoL Pro League,2017,Spring,7
Mystic,Team WE,Tencent LoL Pro League,2017,Summer,13
Mystic,Team WE,Tencent LoL Pro League,2018,Spring,2
Mystic,Team WE,Tencent LoL Pro League,2019,Spring,4
NaMei,Royal Never Give Up,Tencent LoL Pro League,2016,Spring,4
neny,Invictus Gaming,Tencent LoL Pro League,2024,Summer,5
New,Oh My God,Tencent LoL Pro League,2021,Summer,3
Ning,Invictus Gaming,Tencent LoL Pro League,2017,Summer,14
Ning,Invictus Gaming,Tencent LoL Pro League,2018,Spring,9
Ning,Invictus Gaming,Tencent LoL Pro League,2018,Summer,10
Ning,Invictus Gaming,Tencent LoL Pro League,2019,Spring,7
Ning,Invictus Gaming,Tencent LoL Pro League,2019,Summer,2
Ning,Invictus Gaming,Tencent LoL Pro League,2020,Spring,3
Ning,Invictus Gaming,Tencent LoL Pro League,2020,Summer,3
Nuclear,DAMWON Gaming,LoL Champions Korea,2019,Spring,6
Nuclear,DAMWON Gaming,LoL Champions Korea,2019,Summer,3
Nuguri,DAMWON Gaming,LoL Champions Korea,2019,Spring,6
Nuguri,DAMWON Gaming,LoL Champions Korea,2019,Summer,3
Nuguri,DAMWON Gaming,LoL Champions Korea,2020,Spring,8
Nuguri,DAMWON Gaming,LoL Champions Korea,2020,Summer,3
Nuguri,DWG KIA,LoL Champions Korea,2022,Summer,1
Nuguri,FunPlus Phoenix,Tencent LoL Pro League,2021,Spring,20
Nuguri,FunPlus Phoenix,Tencent LoL Pro League,2021,Summer,10
ON,Bilibili Gaming,Tencent LoL Pro League,2023,Spring,26
ON,Bilibili Gaming,Tencent LoL Pro League,2023,Summer,11
ON,Bilibili Gaming,Tencent LoL Pro League,2024,Spring,13
ON,Bilibili Gaming,Tencent LoL Pro League,2024,Summer,10
ON,Suning,Tencent LoL Pro League,2021,Spring,10
ON,Suning,Tencent LoL Pro League,2021,Summer,5
ON,Weibo Gaming,Tencent LoL Pro League,2022,Spring,9
ON,Weibo Gaming,Tencent LoL Pro League,2022,Summer,4
Oner,T1,LoL Champions Korea,2021,Summer,11
Oner,T1,LoL Champions Korea,2022,Spring,7
Oner,T1,LoL Champions Korea,2022,Summer,8
Oner,T1,LoL Champions Korea,2023,Spring,13
Oner,T1,LoL Champions Korea,2023,Summer,22
Oner,T1,LoL Champions Korea,2024,Spring,15
Oner,T1,LoL Champions Korea,2024,Summer,15
OnFleek,SANDBOX Gaming,LoL Champions Korea,2019,Spring,3
OnFleek,SANDBOX Gaming,LoL Champions Korea,2019,Summer,3
Paduck,DRX,LoL Champions Korea,2023,Summer,3
PawN,EDward Gaming,Tencent LoL Pro League,2015,Spring,9
PawN,EDward Gaming,Tencent LoL Pro League,2015,Summer,7
PawN,EDward Gaming,Tencent LoL Pro League,2016,Spring,7
PawN,Kingzone DragonX,LoL Champions Korea,2019,Spring,6
PawN,KT Rolster,LoL Champions Korea,2017,Spring,9
PawN,KT Rolster,LoL Champions Korea,2017,Summer,5
Peanut,Gen.G,LoL Champions Korea,2022,Spring,9
Peanut,Gen.G,LoL Champions Korea,2022,Summer,7
Peanut,Gen.G,LoL Champions Korea,2023,Spring,16
Peanut,Gen.G,LoL Champions Korea,2023,Summer,11
Peanut,Hanwha Life Esports,LoL Champions Korea,2024,Spring,14
Peanut,Hanwha Life Esports,LoL Champions Korea,2024,Summer,16
Peanut,Kingzone DragonX,LoL Champions Korea,2018,Spring,4
Peanut,Kingzone DragonX,LoL Champions Korea,2018,Summer,4
Peanut,LGD Gaming,Tencent LoL Pro League,2020,Summer,14
Peanut,Nongshim RedForce,LoL Champions Korea,2021,Spring,5
Peanut,Nongshim RedForce,LoL Champions Korea,2021,Summer,7
Peanut,ROX Tigers,LoL Champions Korea,2016,Spring,4
Peanut,ROX Tigers,LoL Champions Korea,2016,Summer,5
Peanut,SK Telecom T1,LoL Champions Korea,2017,Spring,3
Peanut,SK Telecom T1,LoL Champions Korea,2017,Summer,8
Peco (Yu Rui),Qiao Gu Reapers,Tencent LoL Pro League,2016,Spring,3
Peng (Peng Yi-Bo),Vici Gaming,Tencent LoL Pro League,2015,Summer,13
PentaQ,Game Talents,Tencent LoL Pro League,2016,Summer,3
PerfecT (Lee Seung-min),KT Rolster,LoL Champions Korea,2024,Spring,5
PerfecT (Lee Seung-min),KT Rolster,LoL Champions Korea,2024,Summer,4
Peyz,Gen.G,LoL Champions Korea,2023,Spring,16
Peyz,Gen.G,LoL Champions Korea,2023,Summer,11
Peyz,Gen.G,LoL Champions Korea,2024,Spring,14
Peyz,Gen.G,LoL Champions Korea,2024,Summer,12
Photic,Ninjas in Pyjamas.CN,Tencent LoL Pro League,2023,Summer,8
Photic,Ninjas in Pyjamas.CN,Tencent LoL Pro League,2024,Spring,18
Photic,Ninjas in Pyjamas.CN,Tencent LoL Pro League,2024,Summer,16
Photic,Victory Five,Tencent LoL Pro League,2022,Spring,13
Photic,Victory Five,Tencent LoL Pro League,2022,Summer,5
Pilot (Na Woo-hyung),Jin Air Green Wings,LoL Champions Korea,2016,Spring,6
Poss,Team WE,Tencent LoL Pro League,2019,Spring,4
ppgod,Bilibili Gaming,Tencent LoL Pro League,2021,Summer,3
ppgod,Oh My God,Tencent LoL Pro League,2023,Spring,18
ppgod,Oh My God,Tencent LoL Pro League,2023,Summer,5
ppgod,Oh My God,Tencent LoL Pro League,2024,Spring,4
ppgod,Oh My God,Tencent LoL Pro League,2024,Summer,3
ppgod,Victory Five,Tencent LoL Pro League,2020,Summer,8
ppgod,Victory Five,Tencent LoL Pro League,2022,Spring,13
ppgod,Victory Five,Tencent LoL Pro League,2022,Summer,5
PraY,Kingzone DragonX,LoL Champions Korea,2018,Spring,4
PraY,Kingzone DragonX,LoL Champions Korea,2018,Summer,4
PraY,Longzhu Gaming,LoL Champions Korea,2017,Summer,4
PraY,ROX Tigers,LoL Champions Korea,2016,Spring,4
PraY,ROX Tigers,LoL Champions Korea,2016,Summer,5
Prince (Lee Chae-hwan),Liiv SANDBOX,LoL Champions Korea,2021,Summer,3
Prince (Lee Chae-hwan),Liiv SANDBOX,LoL Champions Korea,2022,Summer,8
Puff (Ding Wang),Invictus Gaming,Tencent LoL Pro League,2020,Spring,7
Puff (Ding Wang),Invictus Gaming,Tencent LoL Pro League,2020,Summer,3
Pyl (Chen Bo),LGD Gaming,Tencent LoL Pro League,2015,Spring,11
Pyl (Chen Bo),LGD Gaming,Tencent LoL Pro League,2015,Summer,16
Pyl (Chen Bo),LGD Gaming,Tencent LoL Pro League,2016,Spring,3
Pyosik,DragonX,LoL Champions Korea,2020,Spring,9
Pyosik,DRX,LoL Champions Korea,2020,Summer,8
Pyosik,DRX,LoL Champions Korea,2021,Spring,4
Pyosik,DRX,LoL Champions Korea,2022,Spring,5
Pyosik,DRX,LoL Champions Korea,2022,Summer,4
Pyosik,KT Rolster,LoL Champions Korea,2024,Spring,5
Pyosik,KT Rolster,LoL Champions Korea,2024,Summer,4
Qingtian,Top Esports,Tencent LoL Pro League,2022,Summer,1
QiuQiu (Zhang Ming),Top Esports,Tencent LoL Pro League,2019,Summer,2
QiuQiu (Zhang Ming),Top Esports,Tencent LoL Pro League,2020,Spring,5
QiuQiu (Zhang Ming),Topsports Gaming,Tencent LoL Pro League,2018,Summer,8
Quantum (Son Jeong-hwan),Kwangdong Freecs,LoL Champions Korea,2024,Spring,3
Rain (An Hyeon-guk),Invictus Gaming,Tencent LoL Pro League,2016,Spring,2
Raptor (Jeon Eo-jin),BNK FEARX,LoL Champions Korea,2024,Summer,4
Rascal,DRX,LoL Champions Korea,2023,Summer,3
Rascal,Gen.G,LoL Champions Korea,2020,Spring,3
Rascal,Gen.G,LoL Champions Korea,2020,Summer,8
Rascal,Gen.G,LoL Champions Korea,2021,Spring,6
Rascal,Gen.G,LoL Champions Korea,2021,Summer,4
Rascal,Kingzone DragonX,LoL Champions Korea,2019,Spring,6
Rascal,KT Rolster,LoL Champions Korea,2022,Summer,5
Ray,EDward Gaming,Tencent LoL Pro League,2018,Spring,8
Ray,EDward Gaming,Tencent LoL Pro League,2018,Summer,4
Ray,EDward Gaming,Tencent LoL Pro League,2019,Spring,3
Republic,Game Talents,Tencent LoL Pro League,2016,Summer,3
Rich (Lee Jae-won),Nongshim RedForce,LoL Champions Korea,2021,Spring,5
Rich (Lee Jae-won),Nongshim RedForce,LoL Champions Korea,2021,Summer,7
Rich (Lee Jae-won),Victory Five,Tencent LoL Pro League,2022,Spring,13
Rich (Lee Jae-won),Victory Five,Tencent LoL Pro League,2022,Summer,5
Rio,Invictus Gaming,Tencent LoL Pro League,2017,Spring,3
Road (Yun Han-gil),Bilibili Gaming,Tencent LoL Pro League,2018,Spring,7
Road (Yun Han-gil),I May,Tencent LoL Pro League,2016,Summer,15
Road (Yun Han-gil),I May,Tencent LoL Pro League,2017,Spring,9
RooKie,Invictus Gaming,Tencent LoL Pro League,2015,Spring,11
Rookie,Invictus Gaming,Tencent LoL Pro League,2015,Summer,14
RooKie,Invictus Gaming,Tencent LoL Pro League,2016,Spring,2
Rookie,Invictus Gaming,Tencent LoL Pro League,2016,Summer,2
Rookie,Invictus Gaming,Tencent LoL Pro League,2017,Spring,3
Rookie,Invictus Gaming,Tencent LoL Pro League,2017,Summer,16
Rookie,Invictus Gaming,Tencent LoL Pro League,2018,Spring,9
Rookie,Invictus Gaming,Tencent LoL Pro League,2018,Summer,10
Rookie,Invictus Gaming,Tencent LoL Pro League,2019,Spring,7
Rookie,Invictus Gaming,Tencent LoL Pro League,2019,Summer,3
Rookie,Invictus Gaming,Tencent LoL Pro League,2020,Spring,7
Rookie,Invictus Gaming,Tencent LoL Pro League,2020,Summer,3
Rookie,Invictus Gaming,Tencent LoL Pro League,2021,Spring,5
Rookie,Ninjas in Pyjamas.CN,Tencent LoL Pro League,2024,Spring,18
Rookie,Ninjas in Pyjamas.CN,Tencent LoL Pro League,2024,Summer,16
Rookie,Top Esports,Tencent LoL Pro League,2023,Spring,9
Rookie,Top Esports,Tencent LoL Pro League,2023,Summer,13
Rookie,Victory Five,Tencent LoL Pro League,2022,Spring,13
Rookie,Victory Five,Tencent LoL Pro League,2022,Summer,5
Ruler,Gen.G,LoL Champions Korea,2018,Summer,2
Ruler,Gen.G,LoL Champions Korea,2020,Spring,3
Ruler,Gen.G,LoL Champions Korea,2020,Summer,8
Ruler,Gen.G,LoL Champions Korea,2021,Spring,6
Ruler,Gen.G,LoL Champions Korea,2021,Summer,4
Ruler,Gen.G,LoL Champions Korea,2022,Spring,9
Ruler,Gen.G,LoL Champions Korea,2022,Summer,7
Ruler,JD Gaming,Tencent LoL Pro League,2023,Spring,12
Ruler,JD Gaming,Tencent LoL Pro League,2023,Summer,13
Ruler,JD Gaming,Tencent LoL Pro League,2024,Spring,15
Ruler,JD Gaming,Tencent LoL Pro League,2024,Summer,5
Ruler,KSV eSports,LoL Champions Korea,2018,Spring,3
Ruler,Samsung Galaxy,LoL Champions Korea,2016,Summer,4
Ruler,Samsung Galaxy,LoL Champions Korea,2017,Spring,2
Ruler,Samsung Galaxy,LoL Champions Korea,2017,Summer,2
Rush,KT Rolster,LoL Champions Korea,2018,Spring,3
Samd,Victory Five,Tencent LoL Pro League,2020,Summer,7
san (Guo Jun-Liang),Oh My God,Tencent LoL Pro League,2015,Summer,7
Sangyoon,Afreeca Freecs,LoL Champions Korea,2016,Spring,2
Sangyoon,Afreeca Freecs,LoL Champions Korea,2016,Summer,2
Score,KT Rolster,LoL Champions Korea,2016,Spring,3
Score,KT Rolster,LoL Champions Korea,2016,Summer,13
Score,KT Rolster,LoL Champions Korea,2017,Spring,9
Score,KT Rolster,LoL Champions Korea,2017,Summer,5
Score,KT Rolster,LoL Champions Korea,2018,Spring,5
Score,KT Rolster,LoL Champions Korea,2018,Summer,5
Scout,EDward Gaming,Tencent LoL Pro League,2016,Summer,8
Scout,EDward Gaming,Tencent LoL Pro League,2017,Spring,12
Scout,EDward Gaming,Tencent LoL Pro League,2017,Summer,10
Scout,EDward Gaming,Tencent LoL Pro League,2018,Spring,8
Scout,EDward Gaming,Tencent LoL Pro League,2018,Summer,4
Scout,EDward Gaming,Tencent LoL Pro League,2019,Spring,3
Scout,EDward Gaming,Tencent LoL Pro League,2019,Summer,9
Scout,EDward Gaming,Tencent LoL Pro League,2020,Spring,8
Scout,EDward Gaming,Tencent LoL Pro League,2021,Spring,13
Scout,EDward Gaming,Tencent LoL Pro League,2021,Summer,16
Scout,EDward Gaming,Tencent LoL Pro League,2022,Spring,8
Scout,EDward Gaming,Tencent LoL Pro League,2022,Summer,20
Scout,LNG Esports,Tencent LoL Pro League,2023,Spring,4
Scout,LNG Esports,Tencent LoL Pro League,2023,Summer,23
Scout,LNG Esports,Tencent LoL Pro League,2024,Spring,5
Scout,LNG Esports,Tencent LoL Pro League,2024,Summer,8
Senan,Afreeca Freecs,LoL Champions Korea,2019,Summer,3
shad0w,Ninjas in Pyjamas.CN,Tencent LoL Pro League,2023,Summer,8
shanji,Ninjas in Pyjamas.CN,Tencent LoL Pro League,2024,Spring,18
shanji,Ninjas in Pyjamas.CN,Tencent LoL Pro League,2024,Summer,16
shanji,Oh My God,Tencent LoL Pro League,2022,Summer,5
shanji,Oh My God,Tencent LoL Pro League,2023,Spring,18
shanji,Oh My God,Tencent LoL Pro League,2023,Summer,5
Shanks,Anyone's Legend,Tencent LoL Pro League,2024,Summer,8
Shanks,Team WE,Tencent LoL Pro League,2021,Spring,3
Shanks,Team WE,Tencent LoL Pro League,2021,Summer,22
Shanks,Team WE,Tencent LoL Pro League,2023,Spring,4
Shanks,Team WE,Tencent LoL Pro League,2023,Summer,4
Shaoye,LGD Gaming,Tencent LoL Pro League,2024,Summer,9
ShiauC,eStar (Chinese Team),Tencent LoL Pro League,2020,Spring,4
ShowMaker,DAMWON Gaming,LoL Champions Korea,2019,Spring,6
ShowMaker,DAMWON Gaming,LoL Champions Korea,2019,Summer,3
ShowMaker,DAMWON Gaming,LoL Champions Korea,2020,Spring,8
ShowMaker,DAMWON Gaming,LoL Champions Korea,2020,Summer,3
ShowMaker,Dplus Kia,LoL Champions Korea,2023,Spring,4
ShowMaker,Dplus Kia,LoL Champions Korea,2023,Summer,4
ShowMaker,Dplus Kia,LoL Champions Korea,2024,Spring,13
ShowMaker,Dplus Kia,LoL Champions Korea,2024,Summer,11
ShowMaker,DWG KIA,LoL Champions Korea,2021,Spring,6
ShowMaker,DWG KIA,LoL Champions Korea,2021,Summer,7
ShowMaker,DWG KIA,LoL Champions Korea,2022,Spring,8
ShowMaker,DWG KIA,LoL Champions Korea,2022,Summer,10
Skye,Newbee,Tencent LoL Pro League,2017,Summer,5
Skye,Team King,Tencent LoL Pro League,2015,Spring,5
Smeb,KT Rolster,LoL Champions Korea,2017,Spring,9
Smeb,KT Rolster,LoL Champions Korea,2017,Summer,5
Smeb,KT Rolster,LoL Champions Korea,2018,Spring,8
Smeb,KT Rolster,LoL Champions Korea,2018,Summer,5
Smeb,ROX Tigers,LoL Champions Korea,2016,Spring,4
Smeb,ROX Tigers,LoL Champions Korea,2016,Summer,5
SmLz,Masters 3,Tencent LoL Pro League,2015,Summer,3
Smlz,Oh My God,Tencent LoL Pro League,2017,Spring,14
Smlz,Oh My God,Tencent LoL Pro League,2017,Summer,4
Smlz,Rogue Warriors,Tencent LoL Pro League,2018,Spring,13
Smlz,Rogue Warriors,Tencent LoL Pro League,2018,Summer,7
Smlz,Suning,Tencent LoL Pro League,2019,Summer,4
SnowFlower,Afreeca Freecs,LoL Champions Korea,2016,Spring,2
SnowFlower,Afreeca Freecs,LoL Champions Korea,2016,Summer,2
SofM,LNG Esports,Tencent LoL Pro League,2019,Summer,7
SofM,Snake Esports,Tencent LoL Pro League,2016,Summer,6
SofM,Snake Esports,Tencent LoL Pro League,2017,Summer,2
SofM,Snake Esports,Tencent LoL Pro League,2018,Spring,4
SofM,Suning,Tencent LoL Pro League,2020,Summer,10
SofM,Suning,Tencent LoL Pro League,2021,Spring,10
SofM,Suning,Tencent LoL Pro League,2021,Summer,5
SofM,Weibo Gaming,Tencent LoL Pro League,2022,Spring,9
SofM,Weibo Gaming,Tencent LoL Pro League,2022,Summer,4
SoHwan,KT Rolster,LoL Champions Korea,2020,Spring,3
SOLKA,DRX,LoL Champions Korea,2021,Spring,4
Southwind,Invictus Gaming,Tencent LoL Pro League,2020,Spring,7
Spirit,Afreeca Freecs,LoL Champions Korea,2017,Spring,2
Spirit,Afreeca Freecs,LoL Champions Korea,2017,Summer,2
Spirit,Afreeca Freecs,LoL Champions Korea,2018,Spring,3
Spirit,Afreeca Freecs,LoL Champions Korea,2018,Summer,11
Spirit,Afreeca Freecs,LoL Champions Korea,2020,Summer,3
Spirit,Team WE,Tencent LoL Pro League,2015,Spring,5
Ssumday,KT Rolster,LoL Champions Korea,2016,Spring,3
Ssumday,KT Rolster,LoL Champions Korea,2016,Summer,13
Starry,Oh My God,Tencent LoL Pro League,2024,Summer,3
Stay (Guo Yi-Yang),Team WE,Tencent LoL Pro League,2024,Spring,9
Stitch,Samsung Galaxy,LoL Champions Korea,2016,Summer,1
Stitch,Samsung Galaxy,LoL Champions Korea,2017,Spring,1
Stitch,Samsung Galaxy,LoL Champions Korea,2017,Summer,1
Strive,Rare Atom,Tencent LoL Pro League,2022,Spring,4
Summit,FunPlus Phoenix,Tencent LoL Pro League,2022,Summer,9
Summit,Liiv SANDBOX,LoL Champions Korea,2021,Summer,3
Summit,SANDBOX Gaming,LoL Champions Korea,2019,Spring,3
Summit,SANDBOX Gaming,LoL Champions Korea,2019,Summer,3
Swift,Newbee,Tencent LoL Pro League,2017,Spring,6
Swift,Newbee,Tencent LoL Pro League,2017,Summer,5
Swift,Qiao Gu Reapers,Tencent LoL Pro League,2015,Summer,10
Swift,Qiao Gu Reapers,Tencent LoL Pro League,2016,Spring,3
Sword (Choi Sung-won),Griffin (Korean Team),LoL Champions Korea,2018,Summer,10
Sword (Choi Sung-won),Griffin (Korean Team),LoL Champions Korea,2019,Spring,3
SwordArt,Suning,Tencent LoL Pro League,2019,Summer,4
SwordArt,Suning,Tencent LoL Pro League,2020,Summer,10
Tabe,Invictus Gaming,Tencent LoL Pro League,2016,Spring,2
Tangyuan,Royal Never Give Up,Tencent LoL Pro League,2023,Summer,4
TANK,Snake Esports,Tencent LoL Pro League,2016,Spring,5
TANK,Snake Esports,Tencent LoL Pro League,2016,Summer,6
Tarzan (Lee Seung-yong),Griffin (Korean Team),LoL Champions Korea,2018,Summer,10
Tarzan (Lee Seung-yong),Griffin (Korean Team),LoL Champions Korea,2019,Spring,3
Tarzan (Lee Seung-yong),Griffin (Korean Team),LoL Champions Korea,2019,Summer,4
Tarzan (Lee Seung-yong),LNG Esports,Tencent LoL Pro League,2021,Spring,3
Tarzan (Lee Seung-yong),LNG Esports,Tencent LoL Pro League,2021,Summer,20
Tarzan (Lee Seung-yong),LNG Esports,Tencent LoL Pro League,2022,Spring,3
Tarzan (Lee Seung-yong),LNG Esports,Tencent LoL Pro League,2022,Summer,20
Tarzan (Lee Seung-yong),LNG Esports,Tencent LoL Pro League,2023,Spring,4
Tarzan (Lee Seung-yong),LNG Esports,Tencent LoL Pro League,2023,Summer,23
Tarzan (Lee Seung-yong),Weibo Gaming,Tencent LoL Pro League,2024,Summer,20
TBQ,LGD Gaming,Tencent LoL Pro League,2015,Spring,11
TBQ,LGD Gaming,Tencent LoL Pro League,2015,Summer,16
TcT,Qiao Gu Reapers,Tencent LoL Pro League,2015,Summer,10
Teacherma,Team WE,Tencent LoL Pro League,2020,Spring,8
Teacherma,Team WE,Tencent LoL Pro League,2020,Summer,4
Teddy,Kwangdong Freecs,LoL Champions Korea,2022,Spring,8
Teddy,SK Telecom T1,LoL Champions Korea,2019,Spring,6
Teddy,SK Telecom T1,LoL Champions Korea,2019,Summer,13
Teddy,T1,LoL Champions Korea,2020,Spring,7
Teddy,T1,LoL Champions Korea,2020,Summer,3
Teddy,T1,LoL Champions Korea,2021,Spring,7
Teddy,T1,LoL Champions Korea,2021,Summer,9
Thal,SK Telecom T1,LoL Champions Korea,2018,Spring,7
TheShy,Invictus Gaming,Tencent LoL Pro League,2017,Summer,10
TheShy,Invictus Gaming,Tencent LoL Pro League,2018,Summer,7
TheShy,Invictus Gaming,Tencent LoL Pro League,2019,Spring,7
TheShy,Invictus Gaming,Tencent LoL Pro League,2019,Summer,2
TheShy,Invictus Gaming,Tencent LoL Pro League,2020,Spring,7
TheShy,Invictus Gaming,Tencent LoL Pro League,2020,Summer,3
TheShy,Invictus Gaming,Tencent LoL Pro League,2021,Spring,5
TheShy,Weibo Gaming,Tencent LoL Pro League,2022,Spring,9
TheShy,Weibo Gaming,Tencent LoL Pro League,2022,Summer,4
TheShy,Weibo Gaming,Tencent LoL Pro League,2023,Spring,3
TheShy,Weibo Gaming,Tencent LoL Pro League,2023,Summer,9
Tian,FunPlus Phoenix,Tencent LoL Pro League,2019,Spring,9
Tian,FunPlus Phoenix,Tencent LoL Pro League,2019,Summer,8
Tian,FunPlus Phoenix,Tencent LoL Pro League,2020,Spring,10
Tian,FunPlus Phoenix,Tencent LoL Pro League,2020,Summer,4
Tian,FunPlus Phoenix,Tencent LoL Pro League,2021,Spring,20
Tian,FunPlus Phoenix,Tencent LoL Pro League,2021,Summer,10
Tian,Top Esports,Tencent LoL Pro League,2022,Spring,25
Tian,Top Esports,Tencent LoL Pro League,2022,Summer,18
Tian,Top Esports,Tencent LoL Pro League,2023,Spring,9
Tian,Top Esports,Tencent LoL Pro League,2023,Summer,13
Tian,Top Esports,Tencent LoL Pro League,2024,Spring,16
Tian,Top Esports,Tencent LoL Pro League,2024,Summer,16
Tianzhen,Invictus Gaming,Tencent LoL Pro League,2024,Spring,2
Tianzhen,Oh My God,Tencent LoL Pro League,2024,Summer,3
TnT,Qiao Gu Reapers,Tencent LoL Pro League,2015,Summer,10
TrAce,Jin Air Green Wings,LoL Champions Korea,2016,Spring,6
TusiN,Afreeca Freecs,LoL Champions Korea,2017,Spring,2
TusiN,Afreeca Freecs,LoL Champions Korea,2017,Summer,2
TusiN,Afreeca Freecs,LoL Champions Korea,2018,Spring,8
TusiN,Afreeca Freecs,LoL Champions Korea,2018,Summer,11
TusiN,Kingzone DragonX,LoL Champions Korea,2019,Spring,6
TusiN,KT Rolster,LoL Champions Korea,2020,Spring,3
Twila,SinoDragon Gaming,Tencent LoL Pro League,2019,Spring,6
U,EDward Gaming,Tencent LoL Pro League,2015,Spring,4
U,Snake Esports,Tencent LoL Pro League,2015,Summer,4
Ucal,Afreeca Freecs,LoL Champions Korea,2019,Summer,3
Ucal,KT Rolster,LoL Champions Korea,2018,Spring,8
Ucal,KT Rolster,LoL Champions Korea,2018,Summer,5
ucal,ThunderTalk Gaming,Tencent LoL Pro League,2023,Spring,4
ucal,ThunderTalk Gaming,Tencent LoL Pro League,2024,Summer,8
UmTi,Fredit BRION,LoL Champions Korea,2022,Spring,3
Untara,SK Telecom T1,LoL Champions Korea,2017,Summer,12
Uzi (Jian Zi-Hao),EDward Gaming,Tencent LoL Pro League,2023,Summer,14
Uzi (Jian Zi-Hao),Oh My God,Tencent LoL Pro League,2015,Spring,3
Uzi (Jian Zi-Hao),Oh My God,Tencent LoL Pro League,2015,Summer,7
Uzi (Jian Zi-Hao),Qiao Gu Reapers,Tencent LoL Pro League,2016,Spring,3
Uzi (Jian Zi-Hao),Royal Never Give Up,Tencent LoL Pro League,2016,Summer,8
Uzi (Jian Zi-Hao),Royal Never Give Up,Tencent LoL Pro League,2017,Spring,7
Uzi (Jian Zi-Hao),Royal Never Give Up,Tencent LoL Pro League,2017,Summer,10
Uzi (Jian Zi-Hao),Royal Never Give Up,Tencent LoL Pro League,2018,Spring,15
Uzi (Jian Zi-Hao),Royal Never Give Up,Tencent LoL Pro League,2018,Summer,10
Uzi (Jian Zi-Hao),Royal Never Give Up,Tencent LoL Pro League,2019,Spring,5
Uzi (Jian Zi-Hao),Royal Never Give Up,Tencent LoL Pro League,2019,Summer,12
V,Newbee,Tencent LoL Pro League,2017,Spring,6
V,Qiao Gu Reapers,Tencent LoL Pro League,2015,Summer,10
V,Qiao Gu Reapers,Tencent LoL Pro League,2016,Spring,3
Vampire,Invictus Gaming,Tencent LoL Pro League,2024,Summer,5
Vasilii,Vici Gaming,Tencent LoL Pro League,2015,Spring,4
VicLa,KT Rolster,LoL Champions Korea,2022,Summer,5
VicLa,Rare Atom,Tencent LoL Pro League,2024,Summer,3
Viper (Park Do-hyeon),EDward Gaming,Tencent LoL Pro League,2021,Spring,13
Viper (Park Do-hyeon),EDward Gaming,Tencent LoL Pro League,2021,Summer,16
Viper (Park Do-hyeon),EDward Gaming,Tencent LoL Pro League,2022,Spring,8
Viper (Park Do-hyeon),EDward Gaming,Tencent LoL Pro League,2022,Summer,20
Viper (Park Do-hyeon),Griffin (Korean Team),LoL Champions Korea,2018,Summer,10
Viper (Park Do-hyeon),Griffin (Korean Team),LoL Champions Korea,2019,Spring,3
Viper (Park Do-hyeon),Griffin (Korean Team),LoL Champions Korea,2019,Summer,4
Viper (Park Do-hyeon),Hanwha Life Esports,LoL Champions Korea,2023,Spring,12
Viper (Park Do-hyeon),Hanwha Life Esports,LoL Champions Korea,2023,Summer,9
Viper (Park Do-hyeon),Hanwha Life Esports,LoL Champions Korea,2024,Spring,14
Viper (Park Do-hyeon),Hanwha Life Esports,LoL Champions Korea,2024,Summer,16
Vsta,Hanwha Life Esports,LoL Champions Korea,2021,Spring,8
Wayward,Team WE,Tencent LoL Pro League,2024,Spring,9
Wayward,Top Esports,Tencent LoL Pro League,2022,Spring,25
Wayward,Top Esports,Tencent LoL Pro League,2022,Summer,17
Wayward,Top Esports,Tencent LoL Pro League,2023,Spring,9
Wayward,Top Esports,Tencent LoL Pro League,2023,Summer,13
We1less,LGD Gaming,Tencent LoL Pro League,2015,Spring,11
We1less,LGD Gaming,Tencent LoL Pro League,2016,Spring,3
Wei (Yan Yang-Wei),Bilibili Gaming,Tencent LoL Pro League,2024,Summer,10
Wei (Yan Yang-Wei),eStar (Chinese Team),Tencent LoL Pro League,2020,Spring,4
Wei (Yan Yang-Wei),Royal Never Give Up,Tencent LoL Pro League,2021,Spring,17
Wei (Yan Yang-Wei),Royal Never Give Up,Tencent LoL Pro League,2021,Summer,4
Wei (Yan Yang-Wei),Royal Never Give Up,Tencent LoL Pro League,2022,Spring,14
Wei (Yan Yang-Wei),Royal Never Give Up,Tencent LoL Pro League,2022,Summer,4
Wei (Yan Yang-Wei),Royal Never Give Up,Tencent LoL Pro League,2023,Spring,8
Wei (Yan Yang-Wei),Royal Never Give Up,Tencent LoL Pro League,2023,Summer,4
Weiwei,Bilibili Gaming,Tencent LoL Pro League,2021,Summer,3
Weiwei,Bilibili Gaming,Tencent LoL Pro League,2022,Spring,8
Weiwei,Bilibili Gaming,Tencent LoL Pro League,2022,Summer,4
Weiwei,LNG Esports,Tencent LoL Pro League,2024,Spring,5
Weiwei,LNG Esports,Tencent LoL Pro League,2024,Summer,8
Weiwei,Victory Five,Tencent LoL Pro League,2020,Summer,8
Weiwei,Weibo Gaming,Tencent LoL Pro League,2023,Summer,9
West,Invictus Gaming,Tencent LoL Pro League,2017,Summer,16
Willer,Liiv SANDBOX,LoL Champions Korea,2023,Spring,4
Winged,Jin Air Green Wings,LoL Champions Korea,2016,Spring,6
Wink,eStar (Chinese Team),Tencent LoL Pro League,2020,Spring,4
Wink,Invictus Gaming,Tencent LoL Pro League,2021,Spring,5
Wink,Invictus Gaming,Tencent LoL Pro League,2024,Spring,5
Wolf (Lee Jae-wan),SK Telecom T1,LoL Champions Korea,2016,Spring,11
Wolf (Lee Jae-wan),SK Telecom T1,LoL Champions Korea,2016,Summer,5
Wolf (Lee Jae-wan),SK Telecom T1,LoL Champions Korea,2017,Spring,3
Wolf (Lee Jae-wan),SK Telecom T1,LoL Champions Korea,2017,Summer,14
Wolf (Lee Jae-wan),SK Telecom T1,LoL Champions Korea,2018,Spring,5
World6,Oh My God,Tencent LoL Pro League,2017,Spring,14
World6,Oh My God,Tencent LoL Pro League,2017,Summer,3
World6,Vici Gaming,Tencent LoL Pro League,2015,Summer,13
Wraith,Samsung Galaxy,LoL Champions Korea,2016,Summer,5
Wraith,Samsung Galaxy,LoL Champions Korea,2017,Spring,1
Wraith,Samsung Galaxy,LoL Champions Korea,2017,Summer,1
WuShuang,Game Talents,Tencent LoL Pro League,2016,Summer,3
wuxin,Team King,Tencent LoL Pro League,2015,Spring,5
wuxx,Royal Never Give Up,Tencent LoL Pro League,2016,Spring,5
XiaoAL,Suning,Tencent LoL Pro League,2017,Summer,2
XiaoAL,Suning,Tencent LoL Pro League,2018,Summer,4
Xiaobai,eStar (Chinese Team),Tencent LoL Pro League,2020,Spring,4
xiaofang,Oh My God,Tencent LoL Pro League,2024,Spring,4
Xiaohao,Rare Atom,Tencent LoL Pro League,2024,Summer,3
Xiaohao,Weibo Gaming,Tencent LoL Pro League,2024,Spring,13
xiaohu,Royal Never Give Up,Tencent LoL Pro League,2016,Spring,9
xiaohu,Royal Never Give Up,Tencent LoL Pro League,2016,Summer,8
Xiaohu,Royal Never Give Up,Tencent LoL Pro League,2017,Spring,7
Xiaohu,Royal Never Give Up,Tencent LoL Pro League,2017,Summer,10
Xiaohu,Royal Never Give Up,Tencent LoL Pro League,2018,Spring,15
Xiaohu,Royal Never Give Up,Tencent LoL Pro League,2018,Summer,13
Xiaohu,Royal Never Give Up,Tencent LoL Pro League,2019,Spring,5
Xiaohu,Royal Never Give Up,Tencent LoL Pro League,2019,Summer,12
Xiaohu,Royal Never Give Up,Tencent LoL Pro League,2020,Spring,4
Xiaohu,Royal Never Give Up,Tencent LoL Pro League,2021,Spring,17
Xiaohu,Royal Never Give Up,Tencent LoL Pro League,2021,Summer,4
Xiaohu,Royal Never Give Up,Tencent LoL Pro League,2022,Spring,14
Xiaohu,Royal Never Give Up,Tencent LoL Pro League,2022,Summer,4
Xiaohu,Weibo Gaming,Tencent LoL Pro League,2023,Spring,3
Xiaohu,Weibo Gaming,Tencent LoL Pro League,2023,Summer,9
Xiaohu,Weibo Gaming,Tencent LoL Pro League,2024,Spring,13
Xiaohu,Weibo Gaming,Tencent LoL Pro League,2024,Summer,20
xiaolaohu,FunPlus Phoenix,Tencent LoL Pro League,2022,Spring,4
Xiaolaohu,FunPlus Phoenix,Tencent LoL Pro League,2024,Spring,4
Xiaopeng,SinoDragon Gaming,Tencent LoL Pro League,2019,Spring,6
Xiaoxu,Rare Atom,Tencent LoL Pro League,2024,Summer,3
XinMo,Bilibili Gaming,Tencent LoL Pro League,2019,Summer,12
Xiyang,Oh My God,Tencent LoL Pro League,2017,Spring,14
Xiyang,Oh My God,Tencent LoL Pro League,2017,Summer,4
xiye,LGD Gaming,Tencent LoL Pro League,2020,Summer,14
xiye,Team WE,Tencent LoL Pro League,2015,Spring,5
xiye,Team WE,Tencent LoL Pro League,2016,Spring,12
xiye,Team WE,Tencent LoL Pro League,2016,Summer,13
xiye,Team WE,Tencent LoL Pro League,2017,Spring,7
xiye,Team WE,Tencent LoL Pro League,2017,Summer,13
xiye,Team WE,Tencent LoL Pro League,2018,Spring,2
xiye,Team WE,Tencent LoL Pro League,2019,Spring,4
XLB,Royal Never Give Up,Tencent LoL Pro League,2020,Spring,4
XLB,Victory Five,Tencent LoL Pro League,2022,Summer,3
Xuan (Pi Xiao-Xuan),Vici Gaming,Tencent LoL Pro League,2015,Summer,13
XuanXuanPi,Vici Gaming,Tencent LoL Pro League,2016,Summer,3
Xun,Bilibili Gaming,Tencent LoL Pro League,2023,Spring,26
Xun,Bilibili Gaming,Tencent LoL Pro League,2023,Summer,11
Xun,Bilibili Gaming,Tencent LoL Pro League,2024,Spring,13
XUN,Invictus Gaming,Tencent LoL Pro League,2021,Spring,5
Xx (Xiong Yu-Long),Top Esports,Tencent LoL Pro League,2019,Summer,7
Xx (Xiong Yu-Long),Topsports Gaming,Tencent LoL Pro League,2018,Summer,8
Xx (Xiong Yu-Long),Topsports Gaming,Tencent LoL Pro League,2019,Spring,11
y4,Victory Five,Tencent LoL Pro League,2020,Summer,1
Yagao,Bilibili Gaming,Tencent LoL Pro League,2023,Spring,26
Yagao,Bilibili Gaming,Tencent LoL Pro League,2023,Summer,11
YaGao,JD Gaming,Tencent LoL Pro League,2018,Spring,2
YaGao,JD Gaming,Tencent LoL Pro League,2018,Summer,15
Yagao,JD Gaming,Tencent LoL Pro League,2019,Spring,17
Yagao,JD Gaming,Tencent LoL Pro League,2020,Spring,8
Yagao,JD Gaming,Tencent LoL Pro League,2020,Summer,9
Yagao,JD Gaming,Tencent LoL Pro League,2021,Spring,4
Yagao,JD Gaming,Tencent LoL Pro League,2022,Spring,14
Yagao,JD Gaming,Tencent LoL Pro League,2022,Summer,13
Yagao,JD Gaming,Tencent LoL Pro League,2024,Spring,15
Yagao,JD Gaming,Tencent LoL Pro League,2024,Summer,5
yaoyao,ThunderTalk Gaming,Tencent LoL Pro League,2023,Spring,4
yoHan,Hanwha Life Esports,LoL Champions Korea,2021,Spring,5
Yoon,Suning,Tencent LoL Pro League,2017,Summer,1
Yoon,Suning,Tencent LoL Pro League,2018,Summer,4
YSKM,Invictus Gaming,Tencent LoL Pro League,2024,Spring,5
YSKM,Invictus Gaming,Tencent LoL Pro League,2024,Summer,5
yuyanjia,Rare Atom,Tencent LoL Pro League,2022,Spring,4
yuyanjia,Top Esports,Tencent LoL Pro League,2020,Spring,8
Yuyanjia,Top Esports,Tencent LoL Pro League,2020,Summer,8
Zdz,FunPlus Phoenix,Tencent LoL Pro League,2024,Summer,9
Zdz,Weibo Gaming,Tencent LoL Pro League,2024,Spring,13
Zeka (Kim Geon-woo),Bilibili Gaming,Tencent LoL Pro League,2021,Summer,3
Zeka (Kim Geon-woo),DRX,LoL Champions Korea,2022,Spring,5
Zeka (Kim Geon-woo),DRX,LoL Champions Korea,2022,Summer,4
ZEKA (Kim Geon-woo),Hanwha Life Esports,LoL Champions Korea,2023,Spring,12
Zeka (Kim Geon-woo),Hanwha Life Esports,LoL Champions Korea,2023,Summer,9
Zeka (Kim Geon-woo),Hanwha Life Esports,LoL Champions Korea,2024,Spring,14
Zeka (Kim Geon-woo),Hanwha Life Esports,LoL Champions Korea,2024,Summer,16
Zero (Yoon Kyung-sup),Team WE,Tencent LoL Pro League,2016,Spring,12
Zero (Yoon Kyung-sup),Team WE,Tencent LoL Pro League,2016,Summer,13
Zet,EDward Gaming,Tencent LoL Pro League,2017,Spring,12
Zeus,T1,LoL Champions Korea,2022,Spring,7
Zeus,T1,LoL Champions Korea,2022,Summer,8
Zeus,T1,LoL Champions Korea,2023,Spring,13
Zeus,T1,LoL Champions Korea,2023,Summer,22
Zeus,T1,LoL Champions Korea,2024,Spring,15
Zeus,T1,LoL Champions Korea,2024,Summer,15
Zhuo,Ninjas in Pyjamas.CN,Tencent LoL Pro League,2023,Summer,8
Zhuo,Ninjas in Pyjamas.CN,Tencent LoL Pro League,2024,Spring,18
Zhuo,Ninjas in Pyjamas.CN,Tencent LoL Pro League,2024,Summer,16
Zhuo,Top Esports,Tencent LoL Pro League,2021,Spring,12
Zhuo,Top Esports,Tencent LoL Pro League,2021,Summer,4
Zika,LNG Esports,Tencent LoL Pro League,2023,Spring,4
Zika,LNG Esports,Tencent LoL Pro League,2023,Summer,23
Zika,LNG Esports,Tencent LoL Pro League,2024,Spring,5
Zika,LNG Esports,Tencent LoL Pro League,2024,Summer,8
Zoom,JD Gaming,Tencent LoL Pro League,2018,Spring,2
Zoom,JD Gaming,Tencent LoL Pro League,2018,Summer,15
Zoom,JD Gaming,Tencent LoL Pro League,2019,Spring,17
Zoom,JD Gaming,Tencent LoL Pro League,2020,Spring,8
Zoom,JD Gaming,Tencent LoL Pro League,2020,Summer,9
Zoom,JD Gaming,Tencent LoL Pro League,2021,Spring,4
Zz1tai,Invictus Gaming,Tencent LoL Pro League,2016,Spring,2
Zz1tai,Invictus Gaming,Tencent LoL Pro League,2016,Summer,2
Zz1tai,Royal Never Give Up,Tencent LoL Pro League,2018,Spring,5
Zz1tai,Royal Never Give Up,Tencent LoL Pro League,2018,Summer,1
Zz1tai,Royal Never Give Up,Tencent LoL Pro League,2019,Spring,5
Zz1tai,Snake Esports,Tencent LoL Pro League,2017,Summer,1
Zzitai,Invictus Gaming,Tencent LoL Pro League,2015,Spring,11
Zzitai,Invictus Gaming,Tencent LoL Pro League,2015,Summer,14
Zzr,Snake Esports,Tencent LoL Pro League,2016,Spring,5
