PlayerLink,FirstYear,LastYear,Leagues,Sources
AKi (Mao An),2019,2019,LPL,regular
ALL IN,2020,2020,LCK,regular
Assassin,2015,2015,LPL,playoffs; regular
BaBi9,2019,2019,LPL,regular
COOL,2015,2015,LPL,playoffs
Casual,2018,2018,LPL,regular
Caveman,2017,2018,LPL,regular
ClearLove,2015,2015,LPL,playoffs; regular
FishBall,2016,2016,LPL,regular
GODV (Wei Zhen),2015,2015,LPL,playoffs; regular
Gimgoon,2017,2018,LPL,regular
Hoya,2020,2022,LCK,playoffs; regular
HuaTian,2019,2019,LPL,regular
Icon,2017,2017,LPL,playoffs; regular
IgNar,2016,2018,LCK,regular
JieJie,2023,2024,LPL,playoffs; regular
Jiezou,2016,2016,LPL,playoffs; regular
Jiumeng,2019,2021,LPL,playoffs; regular
JueJue,2017,2017,LPL,regular
KongMing,2019,2019,LPL,regular
LANGX,2021,2021,LPL,regular
LeY,2015,2015,LPL,regular
LetMe,2015,2016,LPL,regular
LirA,2016,2016,LCK,playoffs; regular
Loken,2017,2018,LPL,playoffs; regular
Lovecd,2015,2015,LPL,playoffs; regular
Luo (Luo Ci-rui),2015,2016,LPL,regular
Missing,2018,2022,LPL,playoffs; regular
Mong,2018,2018,LCK,regular
Moojin,2019,2019,LCK,regular
Otto (Hou Guo-Yu),2016,2016,LPL,regular
Pout,2023,2023,LPL,regular
Republic,2016,2017,LPL,playoffs; regular
RooKie,2015,2016,LPL,playoffs; regular
SSol,2016,2019,LCK,regular
Samd,2020,2020,LPL,playoffs; regular
Seonghwan,2017,2017,LCK,regular
SmLz,2015,2015,LPL,playoffs; regular
SwordArT,2019,2019,LPL,regular
TANK,2016,2016,LPL,playoffs; regular
TBQ,2015,2015,LPL,playoffs; regular
Tianci,2019,2019,LPL,regular
UCAL,2022,2022,LPL,regular
Wei (Wang Huan-Wei),2015,2015,LPL,regular
XUN,2021,2021,LPL,playoffs; regular
Y1HAN,2017,2017,LPL,regular
YaGao,2018,2018,LPL,playoffs; regular
Yeongjae (Ko Yeong-jae),2020,2020,LCK,regular
ZEKA (Kim Geon-woo),2023,2023,LCK,playoffs; regular
ZWuji,2019,2019,LPL,regular
ZZR,2015,2015,LPL,regular
ZhaoYun,2019,2019,LPL,regular
badeMan,2019,2019,LPL,regular
bei,2016,2016,LPL,regular
beishang,2019,2023,LPL,playoffs; regular
bing (Feng Jin-Wei),2018,2018,LPL,regular
bkr,2023,2023,LPL,regular
bless (Xiang Yi-Tong),2020,2021,LPL,regular
bonO (Kim Gi-beom),2019,2020,LCK,playoffs; regular
can,2022,2022,LPL,regular
caveMan,2016,2016,LPL,playoffs; regular
chen9,2019,2019,LPL,regular
chenlun17,2020,2020,LPL,regular
chimin,2016,2016,LPL,regular
clid,2022,2022,LPL,playoffs; regular
clx,2020,2020,LPL,regular
cold,2020,2020,LPL,regular
corn (Lei Wen),2015,2015,LPL,regular
dade,2015,2016,LPL,regular
deokdam,2020,2024,LCK; LPL,playoffs; regular
dian,2017,2017,LPL,regular
doinb,2017,2017,LPL,regular
fearness,2021,2023,LPL,regular
fenfen,2017,2018,LPL,playoffs; regular
five,2016,2016,LPL,regular
frigid,2022,2022,LPL,regular
gideon,2023,2023,LPL,regular
glfs,2024,2024,LPL,playoffs; regular
gogoing,2015,2015,LPL,playoffs
gori,2022,2022,LPL,regular
gosu,2016,2016,LPL,regular
haichao,2022,2024,LPL,playoffs; regular
haoye,2023,2023,LPL,regular
heal (Peng Jun-Jie),2022,2022,LPL,regular
hu1,2015,2015,LPL,regular
huanfeng,2020,2024,LPL,playoffs; regular
iBoy,2017,2023,LPL,playoffs; regular
ian,2019,2019,LPL,regular
icecoKe,2021,2021,LPL,regular
icon,2016,2022,LPL,playoffs; regular
ikssu,2016,2020,LCK,playoffs; regular
imp,2015,2019,LPL,playoffs; regular
inSec,2015,2015,LPL,regular
irma,2020,2021,LPL,regular
juejue,2015,2016,LPL,regular
kRYST4L,2015,2019,LPL,playoffs; regular
kaixuan,2021,2021,LPL,regular
kane (Li Chi Hung),2015,2015,LPL,regular
kelin,2021,2021,LPL,regular
key,2019,2019,LCK,regular
knight (Zhuo Ding),2020,2024,LPL,playoffs; regular
kyeahoo,2024,2024,LCK,regular
l3est16,2019,2020,LPL,regular
leyan,2024,2024,LPL,regular
lwx,2018,2018,LPL,regular
march,2016,2016,LPL,regular
meiko,2015,2015,LPL,playoffs; regular
milkyway,2024,2024,LPL,playoffs; regular
ming (Shi Sen-Ming),2017,2017,LPL,playoffs; regular
naiyou,2024,2024,LPL,regular
neny,2021,2024,LPL,playoffs; regular
otto (Hou Guo-Yu),2019,2019,LPL,regular
peace (Lin Shang-Ren),2021,2021,LPL,regular
pinz,2023,2023,LPL,regular
ppgod,2020,2024,LPL,playoffs; regular
pzx,2021,2021,LPL,regular
qi,2017,2017,LPL,regular
rat,2020,2021,LPL,regular
san (Guo Jun-Liang),2015,2015,LPL,playoffs; regular
shad0w,2021,2023,LPL,playoffs; regular
shanji,2022,2024,LPL,playoffs; regular
shaoye,2024,2024,LPL,regular
sheer,2024,2024,LPL,regular
ss17God,2016,2016,LPL,regular
ucal,2022,2024,LPL,playoffs; regular
v,2015,2015,LPL,regular
vital,2022,2024,LCK,regular
wuxin,2015,2015,LPL,playoffs; regular
wuxx,2015,2017,LPL,playoffs; regular
x1u,2015,2016,LPL,regular
xQ,2016,2016,LPL,regular
xiao7,2021,2021,LPL,regular
xiaocaobao,2021,2021,LPL,regular
xiaofang,2024,2024,LPL,playoffs; regular
xiaohan (Pan Han),2018,2020,LPL,regular
xiaohu,2015,2016,LPL,playoffs; regular
xiaohuangren,2023,2023,LPL,regular
xiaolaohu,2021,2022,LPL,playoffs; regular
xiaoxi,2015,2016,LPL,regular
xiaoyueji,2022,2024,LPL,regular
xiyang,2015,2016,LPL,regular
xiye,2015,2022,LPL,playoffs; regular
xqw,2023,2023,LPL,regular
xubin,2020,2020,LPL,regular
xunyu,2020,2020,LPL,regular
xy,2016,2016,LPL,regular
y4,2017,2021,LPL,playoffs; regular
yaoyao,2022,2023,LPL,playoffs; regular
yoHan,2021,2021,LCK,playoffs; regular
yolo (Jang Hyeon-su),2016,2016,LPL,regular
yuyanjia,2020,2023,LPL,playoffs; regular
zhiqiuyi,2023,2023,LPL,regular
zs,2021,2022,LPL,regular
